주유소명,전화번호,재고유무,판매단가(원/리터),결제일자,결제시간,정제도로명주소,정제지번주소,정제WGS84위도,정제WGS84경도
달구지주유소,031-668-8065,Y,1500,2023-05-30,13:26:21,경기도 평택시 진위면 남부대로 613,경기도 평택시 진위면 동천리 606-129번지,37.1250216743,127.0984594676
(주)싸이먼(이천)주유소,031-632-3223,Y,1500,2023-03-27,08:10:33,경기도 이천시 진상미로 1848,경기도 이천시 대포동 760-6번지,37.2132466392,127.4520664683
SK화도주유소,031-594-2591,Y,1500,2023-05-16,12:10:33,경기도 남양주시 화도읍 경춘로 2198,경기도 남양주시 화도읍 월산리 365-5번지,37.6542973837,127.3318858494
푸른주유소,031-944-1348,Y,1500,2022-09-08,15:52:51,경기도 파주시 경의로 1571,경기도 파주시 하지석동 138-4번지,37.7555511841,126.7545913398
HD현대오일뱅크㈜직영 덕소셀프주유소,031-576-5189,Y,1500,2023-07-07,17:58:55,경기도 남양주시 와부읍 덕소로 256,경기도 남양주시 와부읍 도곡리 1040-8번지,37.5786166861,127.2244766568
하늘에너지(주) 행정타운주유소,031-292-5120,Y,1500,2023-06-21,12:50:45,경기도 수원시 권선구 권선로 98,경기도 수원시 권선구 호매실동 1395번지,37.2609675726,126.9631528186
태영주유소,031-281-8917,Y,1500,2022-06-14,17:53:48,경기도 용인시 기흥구 중부대로 859,경기도 용인시 기흥구 상하동 64-5번지,37.2526519475,127.1464855929
(주)삼호에너지 행복나라주유소 선재지점,070-4910-4008,Y,1500,2023-05-24,11:34:35,경기도 파주시 파주로 63,경기도 파주시 문발동 233-6번지,37.7250916738,126.6963329241
성일유니온주유소,031-774-3014,Y,1500,2023-07-10,16:56:56,경기도 양평군 양평읍 경강로 2029,경기도 양평군 양평읍 공흥리 113번지,37.5010245142,127.5049554060
포천IC주유소,031-534-7877,Y,1500,2023-03-21,10:56:30,경기도 포천시 군내면 포천로 1329,경기도 포천시 군내면 용정리 47-8번지,37.8788875453,127.2140262035
(주)안성맞춤에너지,031-677-0146,Y,1500,2023-01-03,09:33:53,경기도 안성시 대덕면 중앙로 55,경기도 안성시 대덕면 건지리 351번지,37.0136651992,127.2354098851
믿음주유소,031-833-6507,Y,1500,2023-06-28,08:27:55,경기도 연천군 전곡읍 양연로 1140,경기도 연천군 전곡읍 양원리 380-2번지,37.9973917091,127.0318259626
까르르주유소,031-534-4355,Y,1500,2023-07-10,16:37:03,경기도 포천시 내촌면 금강로 2368,경기도 포천시 내촌면 내리 506-2번지,37.7888591867,127.2270142394
서안산주유소,031-498-5181,Y,1500,2023-05-30,19:59:38,경기도 안산시 단원구 시흥대로 65,경기도 안산시 단원구 선부동 150-5번지,37.3496284688,126.7964923005
지에스칼텍스(주)남동주유소,031-323-5202,Y,1500,2023-06-08,12:45:49,경기도 용인시 처인구 백옥대로 993,경기도 용인시 처인구 남동 178-7번지,37.2244665270,127.2100568579
뛰뛰빵빵주유소,031-636-0044,Y,900,2023-07-10,14:44:56,경기도 이천시 호법면 이섭대천로 866,경기도 이천시 호법면 유산리 356번지,37.2481984661,127.4414677017
(주)태오에너지 현명주유소,031-434-5000,Y,990,2023-01-02,12:42:38,경기도 화성시 비봉면 양노로 155,경기도 화성시 비봉면 구포리 967-16번지,37.2387286364,126.8780891517
그린주유소 ㈜북서울에너지,031-312-8403,Y,1000,2023-07-03,16:12:42,경기도 시흥시 소사로 22,경기도 시흥시 계수동 377-10번지,37.4614859329,126.8022866411
중앙로주유소,02-3158-2228,Y,1000,2022-12-06,14:39:29,경기도 고양시 덕양구 중앙로 113,경기도 고양시 덕양구 화전동 175-1번지,37.5986661699,126.8738140444
동서울주유소,031-796-4336,Y,1000,2022-12-06,14:38:56,경기도 하남시 서하남로 372,경기도 하남시 춘궁동 541-1번지,37.5218929284,127.1809461319
모리아셀프주유소,031-534-5133,Y,1000,2023-07-10,17:42:01,경기도 포천시 내촌면 금강로 2182,경기도 포천시 내촌면 음현리 293-1번지,37.7736390216,127.2283760374
훼미리제2주유소,031-878-5151,Y,1000,2023-07-03,11:13:14,경기도 의정부시 동일로 207,경기도 의정부시 장암동 90-11번지,37.7074599625,127.0575254275
클린주유소,031-542-6053,Y,1000,2023-05-19,12:08:55,경기도 포천시 소흘읍 호국로 346,경기도 포천시 소흘읍 이동교리 358-1번지,37.8040934191,127.1316959800
설문IC셀프주유소,031-975-5189,Y,1000,2023-02-14,21:14:59,경기도 고양시 일산동구 고봉로 799,경기도 고양시 일산동구 설문동 699-18번지,37.7260965820,126.7956697952
광신직영(랜드마크셀프),031-635-5143,Y,1090,2023-06-20,23:11:37,경기도 이천시 모가면 사실로 878,경기도 이천시 모가면 어농리 61-1번지,37.1900662683,127.4408591099
이천하이테크주유소,031-641-5151,Y,1100,2023-04-20,08:42:18,경기도 이천시 설성면 서동대로 8219,경기도 이천시 설성면 제요리 597-3번지,37.1116644927,127.5511335733
비봉주유소,031-356-5154,Y,1200,2023-07-07,06:28:02,경기도 화성시 비봉면 푸른들판로 1672,경기도 화성시 비봉면 구포리 542-4번지,37.2519472094,126.8720492815
현대석유(주)현대주유소,02-2616-0051,Y,1200,2023-02-01,01:51:45,경기도 광명시 남부순환로 997,경기도 광명시 철산동 9-154번지,37.4929968944,126.8678873595
(주)푸른주유소,031-444-9456,Y,1200,2023-07-10,22:47:21,경기도 안양시 만안구 오리로 11,경기도 안양시 만안구 박달동 683-5번지,37.4057682317,126.8859311922
주유할인마트,031-316-0982,Y,1200,2023-07-10,22:02:56,경기도 시흥시 수인로 2648,경기도 시흥시 금이동 73-1번지,37.4051856381,126.8397116110
무지내주유소,031-313-8333,Y,1200,2023-01-02,06:08:34,경기도 시흥시 금오로 144,경기도 시흥시 무지내동 277-1번지,37.4167789515,126.8400279711
자연주유소,031-409-4475,Y,1200,2022-08-02,06:37:57,경기도 안산시 상록구 해안로 1172,경기도 안산시 상록구 본오동 33-2번지,37.2884996625,126.8722758724
서일석유(주)용인서일주유소,031-281-5189,Y,1200,2023-05-30,09:27:05,경기도 용인시 기흥구 신수로 70,경기도 용인시 기흥구 신갈동 405-4번지,37.2765394824,127.0985810092
㈜대광에너지 남이섬주유소,031-584-5127,Y,1200,2023-06-15,13:33:11,경기도 가평군 청평면 경춘로 1484,경기도 가평군 청평면 상천리 174-2번지,37.7818516972,127.4657153307
하이테크에너지(주) 화성하이테크주유소,031-366-9415,Y,1200,2023-04-20,09:11:58,경기도 화성시 남양읍 주석로 353,경기도 화성시 남양읍 북양리 565-28번지,37.2043673280,126.8644765067
슈퍼맨주유소(주),031-323-5145,Y,1200,2023-07-10,18:20:24,경기도 용인시 처인구 양지면 죽양대로 2287,경기도 용인시 처인구 양지면 양지리 120-19번지,37.2320225263,127.2979145386
마징가Z주유소,010-8651-5149,Y,1200,2023-02-01,10:56:33,경기도 포천시 내촌면 포천로 298,경기도 포천시 내촌면 진목리 892번지,37.8021391723,127.2096536717
화곡주유소,031-987-4551,Y,1200,2023-07-10,16:45:05,경기도 김포시 대곶면 대곶북로 347,경기도 김포시 대곶면 석정리 46-21번지,37.6759720918,126.5760145605
남사농업협동조합,031-339-1502,Y,1200,2022-05-30,09:56:17,경기도 용인시 처인구 남사읍 처인성로185번길 11,경기도 용인시 처인구 남사읍 봉무리 663-4번지,37.1135731960,127.1494743625
그린주유소,031-358-0578,Y,1200,2023-06-22,14:49:03,경기도 화성시 우정읍 포승향남로 1207,경기도 화성시 우정읍 석천리 1-5번지,37.0546094501,126.7961772994
서민주유소,031-798-0391,Y,1250,2023-06-12,15:32:31,경기도 광주시 회안대로 993,경기도 광주시 송정동 462-1번지,37.4341828115,127.2620712904
개나리주유소,031-796-1600,Y,1300,2022-07-15,12:16:22,경기도 하남시 대성로 145,경기도 하남시 춘궁동 245-1번지,37.5231176387,127.1976447112
그린주유소,031-336-5105,Y,1300,2023-07-10,19:09:35,,경기 용인시 처인구 양지면 죽양대로2016번길 2,,
은현농협클린주유소,031-861-2009,Y,1300,2023-06-21,10:16:53,,경기 양주시 은현면 은현로 1148,,
서봉주유소,031-8059-5168,Y,1300,2023-03-16,09:50:11,경기도 화성시 향남읍 서봉로 745,경기도 화성시 향남읍 동오리 74-3번지,37.1420758076,126.9578913661
청원로셀프주유소,031-691-9600,Y,1300,2023-07-10,16:59:49,경기도 안성시 원곡면 청원로 1831,경기도 안성시 원곡면 내가천리 164-25번지,37.0393480335,127.1224799784
하나주유소,031-857-9556,Y,1300,2023-07-10,17:11:17,경기도 양주시 남면 화합로 591,경기도 양주시 남면 상수리 111-4번지,37.8719161772,126.9953274627
건화주유소,031-543-0001,Y,1400,2022-04-12,14:47:24,경기도 포천시 호국로 1029,경기도 포천시 선단동 101-11번지,37.8563592564,127.1676421418
대보건설(주) 구리(일산방향)주유소,031-528-3002,Y,1400,2023-07-10,22:51:54,경기도 구리시 수도권제1순환고속도로 32,경기도 구리시 사노동 170-13번지,37.6277810997,127.1393560682
서창산업(주)이천(하)주유소,031-637-0401,Y,1400,2023-07-10,13:29:32,경기도 이천시 마장면 중부대로609번길 244-35,경기도 이천시 마장면 목리 142번지,37.2645883019,127.4036618600
대보유통(주) 안성(서울)주유소/충전소,031-664-4096,Y,1400,2023-07-10,22:08:56,경기도 안성시 원곡면 경부고속도로 372-1,경기도 안성시 원곡면 산하리 425-1번지,37.0778114750,127.1309071581
(주)대들보에너지,031-541-8800,Y,1400,2022-08-16,14:54:20,경기도 포천시 소흘읍 죽엽산로 173,경기도 포천시 소흘읍 이가팔리 929번지,37.8166989306,127.1604009121
매송주유소(목포방향),031-296-1509,Y,1400,2023-07-10,22:22:37,경기도 화성시 매송면 서해안고속도로 315-1,경기도 화성시 매송면 야목리 산47-1번지,37.2635322957,126.8879676375
㈜한미석유 기흥주유소/충전소,031-286-5185,Y,1400,2023-03-06,00:08:23,경기도 용인시 기흥구 공세로 173,경기도 용인시 기흥구 공세동 260-1번지,37.2358140297,127.1038477163
포곡크라주유소,031-323-5175,Y,1400,2023-07-08,09:55:36,경기도 용인시 처인구 포곡읍 포곡로 334,경기도 용인시 처인구 포곡읍 삼계리 398-1번지,37.2843838912,127.2335964077
이안주유소,031-493-5185,Y,1400,2023-07-10,15:17:48,경기도 시흥시 도일로 146,경기도 시흥시 거모동 1770-12번지,37.3429375857,126.7855134447
명성주유소,031-962-9352,Y,1400,2023-06-13,11:28:59,경기도 고양시 덕양구 호국로 1628,경기도 고양시 덕양구 벽제동 228-2번지,37.6965194239,126.9025407686
대보건설(주) 구리(판교방향)주유소,031-555-0740,Y,1400,2023-07-10,22:48:24,경기도 구리시 수도권제1순환고속도로 27,경기도 구리시 토평동 86번지,37.5896675123,127.1558962286
황제주유소,031-637-2723,Y,1400,2023-03-27,16:53:58,경기도 이천시 부발읍 경충대로 2064,경기도 이천시 부발읍 아미리 685-1번지,37.2495376879,127.4914303213
한성제1주유소,031-946-5155,Y,1400,2022-08-31,22:12:48,경기도 파주시 탄현면 엘지로 639,경기도 파주시 탄현면 낙하리 285-6번지,37.8297327228,126.7369710130
대보유통㈜화성(하)목포방향,031-353-8015,Y,1400,2023-07-10,22:07:19,경기도 화성시 팔탄면 서해안고속도로 301-1,경기도 화성시 팔탄면 덕천리 산102-1번지,37.1421239135,126.8794777026
㈜임팩 삼가셀프주유소,031-321-0151,Y,1400,2023-07-10,15:14:04,경기도 용인시 처인구 중부대로 1092,경기도 용인시 처인구 삼가동 173-6번지,37.2423467555,127.1675161454
(유)풍산주유소,031-795-2100,Y,1400,2023-07-10,21:05:21,경기도 하남시 하남대로 956,경기도 하남시 풍산동 318-2번지,37.5471810656,127.1930532762
마장주유소,031-633-3850,Y,1400,2023-07-10,21:53:06,경기도 이천시 마장면 서이천로 564,경기도 이천시 마장면 장암리 148-1번지,37.2720773851,127.4017573979
채움셀프주유소,031-337-1566,Y,1400,2023-05-11,06:13:43,경기도 용인시 처인구 백옥대로 959,경기도 용인시 처인구 남동 404-2번지,37.2214898708,127.2092341452
서일석유(주)서일주유소,031-458-3838,Y,1400,2023-07-01,08:08:43,경기도 안양시 동안구 엘에스로 56,경기도 안양시 동안구 호계동 966-24번지,37.3687319501,126.9541528536
㈜선경오일,031-766-8339,Y,1400,2023-07-09,15:26:14,경기도 광주시 곤지암읍 경충대로 426,경기도 광주시 곤지암읍 곤지암리 53-2번지,37.3424505854,127.3584935910
예멋Self주유소,031-527-6171,Y,1400,2022-05-25,10:21:41,경기도 남양주시 진접읍 금강로 1897,경기도 남양주시 진접읍 팔야리 558-1번지,37.7514860451,127.2138020782
유신주유소,031-216-1475,Y,1400,2023-07-10,15:20:15,경기도 수원시 영통구 영통로 299,경기도 수원시 영통구 매탄동 548-5번지,37.2529700411,127.0610655944
일죽IC주유소,031-675-9950,Y,1400,2023-07-10,21:47:39,경기도 안성시 일죽면 서동대로 7159,경기도 안성시 일죽면 월정리 891-24번지,37.0824657166,127.4454545071
(주)자연에너지 비봉주유소,031-671-1443,Y,1400,2023-07-10,17:08:32,경기도 안성시 죽산면 서동대로 6617,경기도 안성시 죽산면 장능리 580번지,37.0721884981,127.3916324464
버드나무주유소,031-576-5145,Y,1400,2023-07-10,20:50:47,경기도 남양주시 경강로 382,경기도 남양주시 삼패동 146-1번지,37.5920394483,127.1993030760
한숲시티주유소,031-323-6651,Y,1400,2023-07-10,20:46:35,경기도 용인시 처인구 남사읍 처인성로 912,경기도 용인시 처인구 남사읍 완장리 498번지,37.1679201795,127.1782727065
HD현대오일뱅크㈜직영 송탄self주유소,031-668-5189,Y,1450,2023-07-10,19:00:07,경기도 평택시 청원로 1626,경기도 평택시 도일동 989-2번지,37.0438934900,127.1011249981
승승장구주유소,031-635-5144,Y,1450,2022-08-13,23:42:24,경기도 이천시 마장면 서이천로 683,경기도 이천시 마장면 장암리 382-2번지,37.2817554995,127.3982929154
하이웨이에너지,02-2066-5189,Y,1490,2023-07-10,19:02:32,경기도 광명시 광명로 769,경기도 광명시 광명동 754-2번지,37.4688947292,126.8479949665
고담주유소,031-634-5185,Y,1500,2023-07-07,17:12:46,경기도 이천시 진상미로 2168,경기도 이천시 고담동 477-6번지,37.2405228744,127.4511359597
고양(문산방향)휴게소주유소,031-979-5837,Y,1500,2023-07-06,11:03:53,경기도 고양시 덕양구 수원문산고속도로 52,경기도 고양시 덕양구 성사동 97번지,37.6307183476,126.8522389873
남선석유(주)성현셀프주유소,031-977-5182,Y,1500,2022-11-16,12:31:21,경기도 고양시 일산동구 성현로 78,경기도 고양시 일산동구 성석동 986-4번지,37.7068840426,126.7947512307
(주)금강산 청산지점,031-832-5124,Y,1500,2023-07-04,17:59:31,경기도 연천군 청산면 전영로 373,경기도 연천군 청산면 궁평리 526-11번지,38.0320522906,127.1074261107
청룡셀프주유소,031-653-5189,Y,1500,2023-07-10,17:12:02,경기도 평택시 만세로 1595,경기도 평택시 청룡동 226-7번지,37.0221952304,127.1201140720
㈜대호페트로 갤러리IC주유소,031-677-8915,Y,1500,2023-07-07,14:17:17,경기도 안성시 양성면 남북대로 1916,경기도 안성시 양성면 도곡리 133번지,37.0827568035,127.2108562246
양평농협 강상주유소,031-774-5195,Y,1500,2023-07-09,11:54:16,경기도 양평군 강상면 느티나무1길 5,경기도 양평군 강상면 교평리 554-1번지,37.4789763461,127.4862014437
HD현대오일뱅크㈜직영 동패셀프주유소,031-945-5125,Y,1500,2023-07-10,17:10:40,경기도 파주시 동서대로 367,경기도 파주시 동패동 591-31번지,37.7028326654,126.7196469536
여주(강릉방향)주유소/충전소,031-881-6132,Y,1500,2022-05-27,10:34:18,경기도 여주시 가남읍 여주남로 722,경기도 여주시 가남읍 본두리 689-1번지,37.2377188942,127.5683102349
(주)한영 경기서부지점,031-357-5980,Y,1500,2023-04-09,14:43:03,경기도 화성시 남양읍 화성로 1267,경기도 화성시 남양읍 송림리 237-2번지,37.2167984781,126.8207878341
HD현대오일뱅크㈜직영 운정호수셀프주유소,031-957-5152,Y,1500,2023-03-30,08:35:10,경기도 파주시 동서대로 532,경기도 파주시 동패동 2062번지,37.7068378370,126.7366785713
(주)유정 이포나루주유소,031-884-0502,Y,1500,2023-07-10,18:51:10,경기도 여주시 금사면 이여로 1197,경기도 여주시 금사면 궁리 10-1번지,37.3852400232,127.5263202283
쉼터주유소,031-634-5181,Y,1500,2023-07-10,17:50:59,경기도 이천시 부발읍 경충대로 1821,경기도 이천시 부발읍 응암리 20-9번지,37.2385942357,127.5128414607
킹콩주유소,031-858-5101,Y,1500,2023-07-10,17:00:26,경기도 양주시 고덕로 304,경기도 양주시 고읍동 432번지,37.8016825122,127.0742300084
이천강가주유소/충전소,031-635-5185,Y,1500,2022-06-15,09:44:22,경기도 이천시 부발읍 중부대로 1782,경기도 이천시 부발읍 신원리 558-51번지,37.2897404389,127.5044225466
동양산업(주)해안주유소,031-682-5189,Y,1500,2023-02-20,15:32:01,경기도 평택시 포승읍 서동대로 376,경기도 평택시 포승읍 신영리 829번지,36.9378641228,126.8904022902
경기제일주유소,031-335-5145,Y,1500,2023-05-02,10:49:58,경기도 용인시 처인구 이동읍 경기동로 634,경기도 용인시 처인구 이동읍 송전리 938-5번지,37.1419501524,127.1917482234
OK에너지㈜ 청계동self주유소,031-426-5151,Y,1500,2023-06-15,09:10:32,경기도 의왕시 안양판교로 257,경기도 의왕시 청계동 996-11번지,37.3889171851,126.9997692647
처음주유소,02-305-3800,Y,1500,2023-01-03,10:16:05,경기도 고양시 덕양구 중앙로 209,경기도 고양시 덕양구 화전동 549-8번지,37.6052090696,126.8669050181
(주)참조은에너지 민기주유소,031-771-4738,Y,1500,2023-07-07,11:03:07,경기도 양평군 지평면 지평로 946,경기도 양평군 지평면 옥현리 804-2번지,37.4295139079,127.6180585019
동운주유소,031-794-5189,Y,1500,2023-07-10,13:03:42,경기도 하남시 조정대로 116,경기도 하남시 풍산동 84-1번지,37.5526665459,127.1916042838
장군제2주유소,031-536-0065,Y,1500,2023-06-08,18:25:15,경기도 포천시 영북면 호국로 3428,경기도 포천시 영북면 야미리 467-2번지,38.0426800055,127.2673411221
(주)엘프앤코 운악산셀프주유소,031-533-5191,Y,1500,2023-07-10,08:51:00,경기도 포천시 화현면 금강로 3961,경기도 포천시 화현면 화현리 312-4번지,37.9086457258,127.2999458242
남선석유㈜ 대야동주유소,031-312-2704,Y,1500,2023-06-30,17:19:59,경기도 시흥시 복지로 68,경기도 시흥시 대야동 362-9번지,37.4451546873,126.7903985059
굿모닝주유소,031-333-5590,Y,1500,2023-07-10,14:15:22,경기도 용인시 처인구 모현읍 백옥대로 2556,경기도 용인시 처인구 모현읍 왕산리 716-4번지,37.3515069476,127.2484217764
원삼농협 클린주유소,031-339-2056,Y,1500,2022-05-25,10:52:10,경기도 용인시 처인구 원삼면 죽양대로1626번길 5,경기도 용인시 처인구 원삼면 맹리 690-17번지,37.1836448559,127.3333064359
동현주유소,031-354-1151,Y,1500,2023-06-30,10:45:22,경기도 화성시 향남읍 3.1만세로 1015,경기도 화성시 향남읍 발안리 152-2번지,37.1271719203,126.9009666801
시흥까치주유소,031-311-8182,Y,1500,2023-07-10,17:02:29,경기도 시흥시 서해안로 1418,경기도 시흥시 신천동 551-1번지,37.4365208363,126.7742592362
신하주유소,031-636-8051,Y,1500,2023-07-10,17:17:12,경기도 이천시 부발읍 경충대로 2182,경기도 이천시 부발읍 신하리 550-1번지,37.2582083920,127.4837495489
항공대주유소,02-3158-0900,Y,1500,2022-08-16,13:44:43,경기도 고양시 덕양구 중앙로 171,경기도 고양시 덕양구 화전동 575-6번지,37.6028261764,126.8696441402
HD현대오일뱅크㈜직영 민락셀프주유소,031-853-3133,Y,1500,2023-04-17,07:10:30,경기도 의정부시 충의로 91,경기도 의정부시 용현동 2-1번지,37.7396957604,127.0860258817
가평대박주유소,031-584-5155,Y,1500,2023-07-10,10:23:47,경기도 가평군 청평면 경춘로 1175,경기도 가평군 청평면 상천리 1157-3번지,37.7634915300,127.4421879984
대신농협클린주유소,031-884-3948,Y,1500,2022-05-26,08:16:09,경기도 여주시 대신면 여양로 1537,경기도 여주시 대신면 보통리 127번지,37.3743463561,127.5782602280
HD현대오일뱅크㈜직영 한내천주유소,031-535-6893,Y,1500,2023-07-07,06:49:58,경기도 포천시 호국로 1376,경기도 포천시 어룡동 85-3번지,37.8815802497,127.1883046762
(주)엘프앤코 백석셀프주유소지점,031-826-2021,Y,1500,2023-07-10,15:23:58,경기도 양주시 백석읍 부흥로 1126,경기도 양주시 백석읍 방성리 471-4번지,37.7982518434,127.0079828757
희망가득주유소,031-677-5133,Y,1500,2023-07-10,21:50:59,경기도 안성시 삼죽면 서동대로 6102,경기도 안성시 삼죽면 미장리 457-4번지,37.0395108468,127.3569662362
장흥농협주유소,031-855-6146,Y,1500,2023-07-03,17:27:41,경기도 양주시 장흥면 호국로 183,경기도 양주시 장흥면 일영리 153-1번지,37.7170530986,126.9414637903
통일주유소,031-959-6507,Y,1500,2023-07-10,19:41:12,경기도 파주시 적성면 율곡로 1466,경기도 파주시 적성면 답곡리 470-3번지,37.9544126940,126.8520247070
이원주유소,031-732-5100,Y,1500,2023-05-01,10:12:23,경기도 성남시 중원구 광명로 368,경기도 성남시 중원구 금광동 1796번지,37.4463734468,127.1667623365
양주농협클린주유소,031-847-5149,Y,1500,2022-11-15,07:54:21,경기도 양주시 고덕로 274,경기도 양주시 광사동 772-1번지,37.8018040167,127.0704580283
덕원주유소,031-292-4799,Y,1800,2023-07-10,08:54:13,경기도 수원시 권선구 권선로 258,경기도 수원시 권선구 고색동 888-6번지,37.2576919640,126.9805426750
대성석유(주)통진대성주유소,031-996-7411,Y,1800,2023-05-19,15:27:47,경기도 김포시 통진읍 하성로 58,경기도 김포시 통진읍 수참리 407번지,37.6809617366,126.6324966985
진접농협주유소,031-567-8607,Y,1800,2022-03-30,09:35:28,경기도 남양주시 진접읍 해밀예당1로 14,경기도 남양주시 진접읍 연평리 115-2번지,37.7100782582,127.1852123888
SK에너지(주) 백마주유소,031-901-5151,Y,1800,2023-03-08,11:42:13,경기도 고양시 일산동구 중앙로 990,경기도 고양시 일산동구 백석동 1236번지,37.6401280514,126.7925718311
(주)북고개주유소,031-417-9050,Y,1800,2023-07-10,17:56:44,경기도 안산시 상록구 수인로 1177,경기도 안산시 상록구 팔곡일동 632-6번지,37.3019006309,126.8803338084
대성석유(주)김포한강신도시주유소,031-998-5189,Y,1800,2022-12-12,09:42:35,경기도 김포시 김포한강3로 400,경기도 김포시 마산동 622-1번지,37.6417648677,126.6475177272
남한강주유소,031-771-0044,Y,1800,2022-08-10,14:22:04,경기도 양평군 양평읍 양근로 17,경기도 양평군 양평읍 오빈리 151번지,37.5008602159,127.4774293643
HD현대오일뱅크㈜직영 호수공원셀프주유소,031-217-5144,Y,1900,2023-07-10,13:12:01,경기도 수원시 영통구 광교호수로 124,경기도 수원시 영통구 하동 1030번지,37.2792540077,127.0682226301
HG에너지(주)대원주유소,031-452-6455,Y,1900,2023-07-01,21:20:16,경기도 의왕시 경수대로 215,경기도 의왕시 고천동 234-7번지,37.3458495974,126.9748666822
HD현대오일뱅크㈜청명현대Self주유소,031-203-5189,Y,1900,2023-07-10,17:04:13,경기도 용인시 기흥구 청명산로 1,경기도 용인시 기흥구 하갈동 390-1번지,37.2550576373,127.0928424225
한강주유소,031-674-2662,Y,1900,2023-04-17,09:42:17,경기도 안성시 죽산면 걸미로 169,경기도 안성시 죽산면 당목리 436-3번지,37.0217423424,127.4398318900
SK에너지㈜직영 기쁨셀프주유소,031-263-7151,Y,1900,2022-12-22,06:27:13,경기도 용인시 기흥구 용구대로2469번길 130,경기도 용인시 기흥구 보정동 547-4번지,37.3182261032,127.1058082548
유카스에너지 대벽주유소,031-982-7363,Y,1900,2022-04-04,07:34:20,경기도 김포시 대곶면 약암로 505,경기도 김포시 대곶면 대벽리 871-16번지,37.6036041907,126.5610048583
지에스칼텍스㈜ 신도시주유소,031-914-9059,Y,1900,2023-05-28,05:44:52,경기도 고양시 일산서구 경의로 945,경기도 고양시 일산서구 덕이동 309-30번지,37.7018454273,126.7594288044
HD현대오일뱅크㈜ 직영 동부셀프주유소,031-792-2456,Y,1900,2022-11-07,14:00:33,경기도 하남시 신장로 85,경기도 하남시 신장동 434-2번지,37.5364117391,127.2080157940
대성산업(주) 현대주유소,031-654-0217,Y,1900,2023-02-23,08:10:45,경기도 평택시 서동대로 3929,경기도 평택시 용이동 470-5번지,36.9963941396,127.1426967399
(주)덕평톨게이트주유소,031-634-5108,Y,1900,2022-09-16,06:07:14,경기도 이천시 마장면 덕평로 971,경기도 이천시 마장면 덕평리 366-11번지,37.2443827710,127.3620822511
(주)삼표에너지 갈매신내주유소,031-528-7112,Y,2000,2022-05-24,10:08:56,경기도 구리시 경춘북로 75,경기도 구리시 갈매동 437-11번지,37.6213133515,127.1067177851
석불주유소,031-774-5145,Y,2000,2022-04-19,12:20:25,경기도 양평군 지평면 지평의병로 440,경기도 양평군 지평면 망미리 730-3번지,37.4553359622,127.6585659283
중원에너지 셀프주유소,031-745-5111,Y,2000,2022-11-15,16:39:23,경기도 성남시 중원구 산성대로 336,경기도 성남시 중원구 중앙동 238번지,37.4430386911,127.1543191778
SK에너지(주) 삼정주유소,032-674-5155,Y,2000,2023-03-09,22:17:06,경기도 부천시 중동로 447,경기도 부천시 삼정동 297번지,37.5199565470,126.7694911697
마도IC주유소,010-4067-4343,Y,2000,2023-06-29,14:57:57,경기도 화성시 마도면 화성로 667,경기도 화성시 마도면 슬항리 214-7번지,37.2102383382,126.7623448564
경일석유(주) 도영주유소,031-283-8232,Y,1800,2023-07-10,12:47:28,경기도 용인시 기흥구 용구대로 2100,경기도 용인시 기흥구 신갈동 388-322번지,37.2753967487,127.1045427667
하남만남주유소/충전소,031-793-5800,Y,1800,2023-05-03,08:12:34,경기도 하남시 중부고속도로 117-1,경기도 하남시 천현동 267번지,37.5306944902,127.2069515464
학온셀프주유소,02-2681-8781,Y,1800,2023-07-10,09:48:25,경기도 광명시 광명로 627,경기도 광명시 광명동 665-3번지,37.4565802928,126.8443932780
SK기양주유소,031-358-5759,Y,1800,2022-10-29,07:43:16,경기도 화성시 우정읍 기아자동차로 571,경기도 화성시 우정읍 화산리 664-13번지,37.0650870553,126.7967104115
주은에너지,031-352-4041,Y,1800,2022-11-10,04:52:40,경기도 화성시 정남면 가장로 319,경기도 화성시 정남면 고지리 31번지,37.1628391376,127.0149474749
대지석유 선부주유소,031-402-5133,Y,1800,2023-05-30,14:03:24,경기도 안산시 단원구 선부로 81,경기도 안산시 단원구 선부동 1028-11번지,37.3413445182,126.8040544698
가평군농협하나로주유소,031-581-2871,Y,1800,2022-05-19,10:10:32,경기도 가평군 가평읍 경춘로 1785,경기도 가평군 가평읍 상색리 271-3번지,37.7984576597,127.4819621742
씨앤에스유통㈜ 사능IC주유소,031-573-5058,Y,1800,2022-11-17,17:33:09,경기도 남양주시 진건읍 사릉로 225,경기도 남양주시 진건읍 사능리 106-1번지,37.6462960013,127.1940741474
삼미상사(주)미성셀프주유소,031-543-5183,Y,1800,2022-11-09,11:05:56,경기도 포천시 소흘읍 호국로 147,경기도 포천시 소흘읍 이동교리 634-8번지,37.7876669155,127.1245543808
삼미상사(주)파주역셀프주유소,031-952-5184,Y,1800,2023-07-10,21:32:44,경기도 파주시 파주읍 통일로 1116,경기도 파주시 파주읍 봉암리 988-16번지,37.8084841565,126.7939904914
장현주유소,031-312-0119,Y,1800,2023-07-08,12:47:43,경기도 시흥시 장현능곡로 119,경기도 시흥시 능곡동 880번지,37.3713134060,126.8037664117
㈜디오티디 파주고라니주유소,031-937-8518,Y,1800,2023-07-10,09:24:15,경기도 파주시 파주로 66,경기도 파주시 문발동 232-5번지,37.7240275104,126.6962422984
원더우먼주유소,031-358-5181,Y,1800,2023-07-07,13:13:39,경기도 화성시 우정읍 포승향남로 1106,경기도 화성시 우정읍 이화리 459-4번지,37.0460296144,126.7979770903
지에스칼텍스㈜ 이마트의정부점,031-853-5189,Y,1800,2022-04-04,09:27:06,경기도 의정부시 민락로 214,경기도 의정부시 민락동 850번지,37.7438002758,127.1027562446
청정에너지주유소,031-264-2500,Y,1800,2023-07-05,21:12:05,경기도 용인시 기흥구 용구대로2469번길 161,경기도 용인시 기흥구 보정동 408-3번지,37.3211049575,127.1041340972
골든벨주유소,031-297-5182,Y,1800,2023-01-18,19:26:52,경기도 수원시 권선구 서부로 1650,경기도 수원시 권선구 고색동 894-5번지,37.2560781366,126.9743402502
SK에너지(주) 양지IC주유소,031-338-5106,Y,1800,2022-05-24,08:59:52,경기도 용인시 처인구 양지면 죽양대로 2294,경기도 용인시 처인구 양지면 양지리 114-3번지,37.2328436474,127.2984083779
삼미상사(주) 삼성단지주유소,031-214-5195,Y,1800,2022-11-09,10:41:15,경기도 용인시 기흥구 중부대로 1-2,경기도 용인시 기흥구 영덕동 1293번지,37.2690367685,127.0670064798
케이아이에스정보통신 주식회사 장안공원 주유소,031-248-9320,Y,1800,2023-07-08,19:17:44,경기도 수원시 장안구 팔달로 227,경기도 수원시 장안구 영화동 438-8번지,37.2874471874,127.0102115287
HD현대오일뱅크㈜직영 대길주유소,031-686-6083,Y,1800,2023-07-10,17:21:30,경기도 평택시 포승읍 포승향남로 384,경기도 평택시 포승읍 원정리 324번지,36.9981619982,126.8432702001
남선산업(주)은계셀프주유소,031-317-5189,Y,1800,2022-04-06,18:24:24,경기도 시흥시 수인로 3142,경기도 시흥시 안현동 172-1번지,37.4346880773,126.8083341427
대성석유(주)스타주유소,031-968-7421,Y,1800,2023-05-15,09:04:27,경기도 고양시 덕양구 은빛로 59,경기도 고양시 덕양구 화정동 907번지,37.6380099273,126.8343923424
HD현대오일뱅크㈜직영 기흥셀프주유소,031-285-9194,Y,2000,2022-04-01,09:52:07,경기도 용인시 기흥구 용구대로 1876,경기도 용인시 기흥구 보라동 393-3번지,37.2557482616,127.1051304000
내산주유소,031-884-2783,Y,2000,2023-06-20,07:08:45,경기도 여주시 대신면 여양로 1678,경기도 여주시 대신면 보통리 497-1번지,37.3822765893,127.5667467776
부강하나주유소,031-987-5088,Y,2000,2023-07-10,16:08:13,경기도 김포시 양촌읍 양곡로 382,경기도 김포시 양촌읍 양곡리 628-3번지,37.6632424636,126.6350272300
HD현대오일뱅크㈜직영 팔곡셀프주유소,031-437-7794,Y,2000,2023-07-10,21:38:20,경기도 안산시 상록구 해안로 1295,경기도 안산시 상록구 팔곡이동 445-4번지,37.2933571109,126.8840932021
(주)태봉Self주유소,031-543-5151,Y,2000,2022-11-30,01:43:57,경기도 포천시 소흘읍 호국로 715,경기도 포천시 소흘읍 송우리 89-3번지,37.8314617037,127.1509012548
대성산업㈜ 의정부주유소,031-877-2548,Y,2000,2023-02-18,09:54:26,경기도 의정부시 평화로 468,경기도 의정부시 의정부동 100-3번지,37.7338425812,127.0482326168
소망주유소,031-416-5511,Y,2000,2022-04-08,09:58:28,경기도 안산시 상록구 석호로 202,경기도 안산시 상록구 사동 1318-3번지,37.2949952650,126.8532334085
제이원네트웍스(주) 해안주유소,031-409-6767,Y,2000,2022-05-13,14:36:13,경기도 안산시 상록구 선진6길 8,경기도 안산시 상록구 사동 1497-1번지,37.2814778946,126.8440201265
영화에너지(주)직영 칠칠주유소,031-691-6667,Y,2000,2023-07-06,14:58:08,경기도 평택시 팽성읍 부용로 118,경기도 평택시 팽성읍 객사리 71-13번지,36.9656191514,127.0669222790
대박셀프주유소,031-533-5184,Y,2000,2023-04-01,10:24:32,경기도 포천시 포천로 1651,경기도 포천시 신읍동 242번지,37.9025599169,127.1976459142
(주)삼표에너지 보정동주유소,031-896-7111,Y,2000,2023-01-26,13:12:33,경기도 용인시 기흥구 용구대로2469번길 150,경기도 용인시 기흥구 보정동 498-2번지,37.3201883109,127.1049628127
송능주유소,031-528-5022,Y,2000,2023-02-08,09:05:53,경기도 남양주시 진건읍 진건오남로 405-10,경기도 남양주시 진건읍 송능리 157-7번지,37.6740072842,127.2027374280
SK에너지㈜직영 라인45,031-651-5182,Y,2000,2022-03-25,17:06:38,경기도 평택시 팽성읍 팽성로 230,경기도 평택시 팽성읍 남산리 218-7번지,36.9548526209,127.0611087832
역전주유소,031-434-7887,Y,2000,2022-04-25,13:34:25,경기도 시흥시 역전로 295,경기도 시흥시 정왕동 876-359번지,37.3517967088,126.7390462263
동일석유(주) 금호주유소,031-258-2892,Y,2000,2022-03-28,10:23:49,경기도 수원시 장안구 경수대로 852,경기도 수원시 장안구 조원동 774-28번지,37.2970571867,127.0148767651
(주)동원석유,032-612-5104,Y,2000,2022-04-30,12:44:56,경기도 부천시 부흥로 182,경기도 부천시 중동 682-3번지,37.4961553485,126.7627771066
동양산업(주)직영신태평주유소,031-668-6366,Y,2000,2022-05-20,15:33:57,경기도 평택시 고덕면 서동대로 2633,경기도 평택시 고덕면 방축리 670-1번지,37.0158338057,127.0324979245
효현(주) 아주주유소,031-216-5189,Y,2000,2022-06-15,19:46:40,경기도 수원시 팔달구 월드컵로 246,경기도 수원시 팔달구 우만동 22번지,37.2822567731,127.0398119029
플라트(주)금성주유소,031-421-4199,Y,1700,2022-07-15,08:41:11,경기도 안양시 동안구 시민대로 325,경기도 안양시 동안구 관양동 1746-4번지,37.3961067781,126.9660203545
씨앤에스에너지㈜ 여주(인천방향)주유소/충전소,031-881-3655,Y,1700,2022-06-19,06:32:11,경기도 여주시 가남읍 화평길 116,경기도 여주시 가남읍 본두리 677-2번지,37.2398103441,127.5679851622
GS 세마주유소,031-235-5189,Y,1700,2023-01-03,09:05:50,경기도 화성시 만년로 889,경기도 화성시 안녕동 106-3번지,37.1895713786,127.0053799491
(주)삼표 화성에너지,031-356-3435,Y,1700,2022-11-09,15:03:59,경기도 화성시 비봉면 푸른들판로 1275,경기도 화성시 비봉면 양노리 759-7번지,37.2171327743,126.8715490107
효자로주유소,02-381-1371,Y,1700,2022-08-08,07:25:59,경기도 고양시 덕양구 일영로 127,경기도 고양시 덕양구 지축동 588-5번지,37.6575068047,126.9199613561
HD현대오일뱅크㈜직영 목련주유소,031-471-4000,Y,1700,2023-07-10,18:19:14,경기도 안양시 만안구 안양로 479,경기도 안양시 만안구 석수동 319-3번지,37.4122716478,126.9098343505
경원주유소,031-233-6678,Y,1700,2023-05-18,09:06:38,경기도 수원시 권선구 권광로 80,경기도 수원시 권선구 권선동 1041-5번지,37.2549672410,127.0295357813
삼미상사(주)미래로SELF주유소,031-941-5181,Y,1700,2022-11-09,10:16:29,경기도 파주시 미래로 292,경기도 파주시 동패동 20-1번지,37.7043412406,126.7464942394
삼미상사(주)동하셀프주유소,031-354-1847,Y,1700,2022-11-09,08:18:32,경기도 화성시 정남면 세자로 257,경기도 화성시 정남면 보통리 117-15번지,37.1904861981,126.9790654767
세종대왕농협주유소,031-881-4322,Y,1700,2022-04-07,17:27:28,경기도 여주시 세종대왕면 마장로 9,경기도 여주시 세종대왕면 번도리 861-35번지,37.2993669167,127.5662898085
고객행복주유소,032-674-4544,Y,1700,2023-07-10,19:05:24,경기도 부천시 소사로 584,경기도 부천시 여월동 312번지,37.5095242433,126.7986150438
시흥하늘주유소(일산방향),031-481-8147,Y,1700,2023-04-23,01:25:53,경기도 시흥시 수도권제1순환고속도로 105-1,경기도 시흥시 조남동 190-1번지,37.3851397664,126.8561536982
풍산에너지(주),031-998-0598,Y,1700,2023-07-10,12:17:20,경기도 김포시 풍무로 164,경기도 김포시 풍무동 898번지,37.6095632034,126.7250071642
다복주유소,031-499-5114,Y,1700,2023-07-10,20:23:13,경기도 안산시 단원구 시흥대로 128,경기도 안산시 단원구 선부동 187-3번지,37.3529534642,126.8024004204
마장프리미엄주유소(하남방향),031-638-7930,Y,1700,2022-05-15,11:33:00,경기도 이천시 마장면 중부고속도로 82,경기도 이천시 마장면 목리 산13-32번지,37.2627442492,127.4084798710
평택주유소,031-655-4051,Y,1700,2023-07-10,13:29:39,경기도 평택시 평택로 258,경기도 평택시 세교동 462-3번지,37.0060964876,127.0726610932
(주)대경유업 대경주유소,070-4208-2377,Y,1700,2023-07-10,14:33:04,경기도 시흥시 봉화로 166,경기도 시흥시 정왕동 191-4번지,37.3655284431,126.7523801258
㈜삼표에너지 신성주유소,031-664-5115,Y,1700,2023-01-29,18:16:43,경기도 평택시 고덕면 서동대로 2796,경기도 평택시 고덕면 동고리 152-1번지,37.0070344309,127.0460734311
(주)동원석유 행복주유소,031-483-6639,Y,1700,2023-07-10,19:13:53,경기도 안산시 상록구 수인로 1820,경기도 안산시 상록구 부곡동 1-1번지,37.3461380985,126.8696738001
하남셀프주유소,031-793-5551,Y,1800,2023-01-04,09:54:19,경기도 하남시 신장로 211,경기도 하남시 덕풍동 345-38번지,37.5435971279,127.1978903037
동양산업(주)직영 일광주유소,032-663-1010,Y,1800,2022-08-23,05:33:12,경기도 부천시 길주로 442,경기도 부천시 춘의동 155-1번지,37.5040737875,126.7915156669
금강에너지(주) 마장셀프주유소,031-634-2067,Y,1800,2022-12-06,15:44:49,경기도 이천시 마장면 중부대로 88,경기도 이천시 마장면 양촌리 157-1번지,37.2560091497,127.3460478786
경동석유산업(주)고속철주유소,02-2617-9767,Y,1800,2022-04-28,13:53:27,경기도 광명시 광명로 207,경기도 광명시 가학동 419-2번지,37.4200430534,126.8483622526
HD현대오일뱅크㈜직영 안성TG주유소,031-655-2603,Y,1800,2022-08-09,00:17:34,경기도 안성시 공도읍 서동대로 3986,경기도 안성시 공도읍 진사리 2-6번지,36.9972697036,127.1491323129
(주)소모 뉴평내셀프주유소,031-592-0758,Y,1800,2022-07-14,23:42:14,경기도 남양주시 경춘로 1272,경기도 남양주시 평내동 588번지,37.6478564026,127.2355342544
HD현대오일뱅크㈜직영 선암셀프주유소,02-503-0077,Y,1800,2023-07-10,22:28:53,경기도 과천시 중앙로 534,경기도 과천시 과천동 29-5번지,37.4559519208,127.0105054869
조남주유소,031-484-0051,Y,1800,2023-07-10,19:19:08,경기도 시흥시 수인로 2099,경기도 시흥시 조남동 598-6번지,37.3699759876,126.8741161428
(주)진성에너지 무궁화셀프주유소,031-906-3265,Y,1800,2022-04-14,14:14:52,경기도 고양시 일산동구 무궁화로 304,경기도 고양시 일산동구 풍동 627-2번지,37.6750079801,126.7938510410
오산주유소,031-882-2989,Y,1300,2023-06-19,10:25:53,경기도 여주시 가남읍 양화로 150,경기도 여주시 가남읍 오산리 465-1번지,37.2363814649,127.5576551254
동탄농협주유소,031-613-0002,Y,1300,2022-11-22,12:00:38,경기도 화성시 삼성1로 196,경기도 화성시 석우동 28번지,37.2210535905,127.0765010899
도일주유소,031-611-5135,Y,1300,2023-07-10,12:27:39,경기도 평택시 도일로 201,경기도 평택시 도일동 276-1번지,37.0559648260,127.1151320106
점동농협셀프주유소,031-883-5189,Y,1300,2023-03-24,07:43:20,경기도 여주시 점동면 청안로 180,경기도 여주시 점동면 청안리 166-13번지,37.2102303910,127.6646220446
굿모닝셀프주유소,031-675-2887,Y,1300,2023-07-10,21:20:23,경기도 안성시 삼죽면 서동대로 6376,경기도 안성시 삼죽면 진촌리 303-2번지,37.0607180503,127.3695241030
오일필드(주)경기지점,031-353-4867,Y,1300,2023-07-04,18:42:13,경기도 화성시 향남읍 발안로 341,경기도 화성시 향남읍 동오리 547-1번지,37.1329565403,126.9449078633
㈜지에스이앤알직영 덕소주유소,031-577-9425,Y,1300,2023-05-23,08:32:23,경기도 남양주시 와부읍 덕소로 24,경기도 남양주시 와부읍 덕소리 601-7번지,37.5888388362,127.2061347350
명품주유소,031-677-5145,Y,1300,2023-07-03,12:32:16,경기도 안성시 대덕면 안성맞춤대로 1523,경기도 안성시 대덕면 진현리 336-3번지,37.0470036352,127.2625542114
수안주유소,031-243-4412,Y,1300,2023-02-15,00:55:09,경기도 수원시 장안구 경수대로 1246,경기도 수원시 장안구 파장동 43-1번지,37.3222384245,126.9883605675
하이테크에너지(주),031-745-5189,Y,1300,2023-04-21,10:28:34,경기도 성남시 중원구 순환로 128,경기도 성남시 중원구 상대원동 375-12번지,37.4352398628,127.1792005425
(주)에스에이치에너지 신갈현대셀프주유소,031-285-1026,Y,1300,2023-07-11,00:26:10,경기도 용인시 기흥구 신수로 69,경기도 용인시 기흥구 신갈동 486-3번지,37.2759506379,127.0977155917
형제주유소,031-366-0101,Y,1300,2023-07-10,16:30:28,경기도 화성시 정남면 서봉로 1081,경기도 화성시 정남면 신리 138번지,37.1640605469,126.9798776263
하이웨이주유소,031-861-0951,Y,1300,2022-11-17,13:31:39,경기도 동두천시 강변로 74,경기도 동두천시 송내동 513번지,37.8784595983,127.0533205523
고속주유소,031-401-5151,Y,1300,2022-07-06,13:55:07,경기도 안산시 상록구 가루개로 143,경기도 안산시 상록구 양상동 201-2번지,37.3464219897,126.8488635583
주식회사 동해주유소,031-533-5177,Y,1300,2023-07-10,20:25:51,경기도 포천시 영중면 호국로 2659,경기도 포천시 영중면 금주리 694-16번지,37.9805056286,127.2438984934
광탄농협주유소,031-947-7876,Y,1300,2022-04-04,09:13:07,경기도 파주시 광탄면 동거리길 41,경기도 파주시 광탄면 신산리 217-27번지,37.7814501419,126.8496879502
평내셀프주유소,031-511-2251,Y,1350,2023-07-10,17:19:33,경기도 남양주시 경춘로 1071,경기도 남양주시 금곡동 183-13번지,37.6360665228,127.2197763772
푸른현대주유소,031-355-0717,Y,1400,2023-07-10,11:09:48,경기도 화성시 남양읍 주석로 304,경기도 화성시 남양읍 북양리 556-23번지,37.2070488912,126.8602730657
가원주유소,031-941-3609,Y,1400,2023-07-08,15:16:43,경기도 파주시 탄현면 엘지로 635,경기도 파주시 탄현면 낙하리 285-2번지,37.8293186695,126.7370548203
굿모닝주유소,031-684-3610,Y,1400,2023-07-10,21:27:20,경기도 평택시 포승읍 서동대로 501,경기도 평택시 포승읍 신영리 413-16번지,36.9429286873,126.8779411134
스마일주유소,031-358-6013,Y,1400,2023-07-10,19:01:57,경기도 화성시 장안면 수정로 265,경기도 화성시 장안면 수촌리 144-4번지,37.0894504567,126.8617354564
매송주유소(서울방향),031-295-1509,Y,1400,2023-07-10,20:36:05,경기도 화성시 매송면 서해안고속도로 316-1,경기도 화성시 매송면 야목리 625-1번지,37.2661964324,126.8924460959
지에스칼텍스㈜ 만호주유소,031-681-1800,Y,1400,2023-02-21,17:25:29,경기도 평택시 포승읍 서동대로 771,경기도 평택시 포승읍 만호리 400-3번지,36.9591915640,126.8561408050
SK에너지(주) 뉴마장주유소,031-638-0051,Y,1600,2023-05-04,17:48:51,경기도 이천시 마장면 서이천로 393,경기도 이천시 마장면 표교리 489-2번지,37.2593791778,127.3942518698
서울석유(주)이에스주유소,031-656-5115,Y,1600,2022-06-29,14:06:53,경기도 평택시 동삭로 363,경기도 평택시 동삭동 337-1번지,37.0187601320,127.0953770240
(주)세일 선화주유소,031-232-5189,Y,1600,2023-06-02,12:29:52,경기도 수원시 권선구 매송고색로 552,경기도 수원시 권선구 오목천동 316-1번지,37.2461856151,126.9653436281
HD현대오일뱅크㈜직영 서해현대셀프주유소,031-292-9224,Y,1600,2023-07-10,19:00:46,경기도 화성시 매송면 매송고색로 109,경기도 화성시 매송면 원평리 328번지,37.2455878358,126.9169885213
(주)장군골드웨이주유소,031-571-2541,Y,1600,2023-07-10,14:29:22,경기도 남양주시 진접읍 사릉로 791,경기도 남양주시 진접읍 연평리 809-1번지,37.6859324332,127.1690732604
삼미상사(주)금정역셀프주유소,031-456-5189,Y,1600,2022-11-09,10:04:52,경기도 군포시 엘에스로 178,경기도 군포시 산본동 18-35번지,37.3759656562,126.9435511935
조리농협주유소,031-945-6048,Y,1600,2023-05-18,11:24:04,경기도 파주시 조리읍 통일로 441,경기도 파주시 조리읍 등원리 279-1번지,37.7529608666,126.8026008193
무봉주유소,031-543-3013,Y,1600,2022-11-10,08:45:59,경기도 포천시 소흘읍 부흥로 218,경기도 포천시 소흘읍 무봉리 300-1번지,37.8067893338,127.1407706475
광교서일주유소,031-266-7016,Y,1600,2022-04-27,21:45:37,경기도 용인시 기흥구 석성로 1,경기도 용인시 기흥구 보정동 1057-1번지,37.2952070015,127.0932015472
그린주유소,031-665-8898,Y,1600,2022-10-17,15:22:06,경기도 평택시 삼남로 529,경기도 평택시 지산동 74-2번지,37.0718166490,127.0896505681
내트럭(주) 평택사업소,031-684-1201,Y,1600,2023-05-12,09:46:58,경기도 평택시 포승읍 하만호길 229,경기도 평택시 포승읍 만호리 668번지,36.9543637942,126.8502396842
(주)늘바른주유소,031-681-8058,Y,1600,2023-07-10,14:53:50,경기도 평택시 오성면 서동대로 2067,경기도 평택시 오성면 죽리 10-1번지,37.0081969284,126.9719045431
대원주유소,031-959-3422,Y,1600,2023-07-10,11:37:59,경기도 파주시 적성면 청송로 1091,경기도 파주시 적성면 구읍리 597-3번지,37.9570486548,126.9257069453
뉴그린주유소,031-447-0309,Y,1600,2023-07-08,16:03:04,경기도 안양시 만안구 박달로 569,경기도 안양시 만안구 안양동 693-7번지,37.4029111671,126.9162350541
대경석유(주)남경주유소,031-865-0201,Y,1600,2023-07-10,20:38:18,경기도 양주시 평화로 2023,경기도 양주시 봉양동 803-2번지,37.8683732324,127.0602941007
sk장승주유소,031-572-7075,Y,1600,2022-06-05,13:15:50,경기도 남양주시 진접읍 금강로 1590,경기도 남양주시 진접읍 장현리 45-9번지,37.7320430893,127.1952878226
평화주유소,031-771-5125,Y,1600,2023-07-10,19:02:39,경기도 양평군 청운면 경강로 4089,경기도 양평군 청운면 비룡리 55번지,37.5431538368,127.6960511037
(주)세지에너지주유소/충전소,031-365-5090,Y,1600,2023-02-13,07:34:20,경기도 시흥시 서해안로 120,경기도 시흥시 정왕동 1236-11번지,37.3422639525,126.6999904336
남여주주유소,031-886-5151,Y,1600,2023-07-03,12:27:55,경기도 여주시 웅골로 186,경기도 여주시 가업동 161-1번지,37.2674167321,127.6270872465
SK에너지(주) 복사골주유소,032-651-4775,Y,1600,2022-05-25,16:54:16,경기도 부천시 경인로 36,경기도 부천시 송내동 403-4번지,37.4832173198,126.7593074491
지에스칼텍스(주)동탄신도시주유소,031-225-5101,Y,1600,2022-03-29,13:54:57,경기도 화성시 효행로 1293,경기도 화성시 반월동 536번지,37.2236061631,127.0620699492
삼호주유소 주식회사,031-833-8280,Y,1600,2023-07-10,18:46:44,경기도 연천군 전곡읍 양연로402번길 13,경기도 연천군 전곡읍 간파리 308-5번지,37.9432639022,127.0040812653
금강석유(주)나분들주유소,031-318-5133,Y,1600,2022-10-22,18:31:45,경기도 시흥시 동서로 674,경기도 시흥시 광석동 33-2번지,37.3839550097,126.8215872931
지에스칼텍스(주)안산스타주유소,031-414-5189,Y,1600,2023-05-10,00:06:46,경기도 안산시 단원구 달미로 72,경기도 안산시 단원구 선부동 1087번지,37.3422947995,126.8155271909
(주)삼익에너지 무대IC주유소,031-511-5125,Y,1600,2023-02-28,14:07:30,경기도 남양주시 석실로 651,경기도 남양주시 금곡동 519-10번지,37.6222725568,127.2072383608
HD현대오일뱅크㈜직영 호계현대셀프주유소,031-458-4614,Y,1600,2023-07-10,21:31:29,경기도 안양시 동안구 경수대로 510,경기도 안양시 동안구 호계동 1006-7번지,37.3682292070,126.9585158009
삼미상사(주)남부주유소,031-398-6252,Y,1600,2023-04-07,06:48:19,경기도 군포시 고산로 259,경기도 군포시 당동 871-2번지,37.3461479323,126.9435116377
에쓰오일(주)능마을 보금자리주유소,031-574-5200,Y,1600,2022-04-28,14:22:16,경기도 구리시 경춘북로 74,경기도 구리시 갈매동 437-22번지,37.6206664717,127.1073444351
㈜중흥에너지 한양주유소,031-903-2222,Y,1600,2022-05-31,08:43:01,경기도 고양시 덕양구 권율대로 593,경기도 고양시 덕양구 원흥동 218번지,37.6432726369,126.8720115754
HD현대오일뱅크㈜직영 반월셀프주유소,031-406-5991,Y,1600,2023-03-24,07:14:25,경기도 안산시 상록구 수인로 1226,경기도 안산시 상록구 일동 648번지,37.3031245395,126.8748172960
경원주유소,031-761-0551,Y,1600,2023-07-05,09:10:10,경기도 광주시 도척면 마도로 66,경기도 광주시 도척면 방도리 229-1번지,37.2805221156,127.3421400194
대성산업(주)포천주유소,031-533-5180,Y,1600,2022-10-05,07:32:27,경기도 포천시 영중면 호국로 2563,경기도 포천시 영중면 금주리 879-3번지,37.9733319247,127.2483410781
유양주유소,031-842-4026,Y,1600,2023-07-10,20:12:53,경기도 양주시 부흥로1398번길 102,경기도 양주시 유양동 366번지,37.7797073880,127.0289552197
마장주유소,031-632-5156,Y,1600,2023-02-14,08:54:34,경기도 이천시 마장면 중부대로 685,경기도 이천시 마장면 표교리 156-16번지,37.2509738045,127.4109523086
삼미상사(주)청평그린셀프주유소,031-585-8388,Y,1600,2022-11-10,06:36:48,경기도 가평군 청평면 경춘로 524,경기도 가평군 청평면 대성리 56-1번지,37.7180557957,127.4017728288
(주)세일 구도일주유소 안양,031-448-6633,Y,1600,2023-07-11,00:21:01,경기도 안양시 만안구 만안로 135,경기도 안양시 만안구 안양동 392-10번지,37.3943119887,126.9291356336
모가농협주유소,031-633-4984,Y,1650,2022-06-30,14:50:29,경기도 이천시 모가면 진상미로 1187,경기도 이천시 모가면 서경리 295-3번지,37.1624508600,127.4795464518
미광셀프주유소,031-989-5182,Y,1700,2022-11-09,10:24:55,경기도 김포시 고촌읍 김포대로 55-12,경기도 김포시 고촌읍 전호리 386-3번지,37.5844993664,126.7958395120
HD현대오일뱅크㈜직영 수원제일주유소,031-216-5160,Y,1700,2023-07-05,19:23:15,경기도 수원시 팔달구 권광로 273,경기도 수원시 팔달구 인계동 369-7번지,37.2717656566,127.0354768970
SK KH에너지 동양주유소,02-2611-1120,Y,1700,2022-05-10,12:04:20,경기도 시흥시 금오로 580,경기도 시흥시 과림동 94-1번지,37.4529324833,126.8335937830
삼미상사(주)초원셀프주유소,031-983-7151,Y,1700,2023-02-16,08:46:40,경기도 김포시 대곶면 대곶북로 424,경기도 김포시 대곶면 석정리 2-30번지,37.6805242083,126.5703445675
HD현대오일뱅크㈜직영 경원주유소,031-668-5185,Y,1700,2023-07-01,09:24:55,경기도 평택시 경기대로 1602,경기도 평택시 독곡동 384-6번지,37.0873612851,127.0630350880
효창에너지직영 5주유소,031-410-5155,Y,1700,2023-07-10,17:30:36,경기도 시흥시 동서로 996,경기도 시흥시 조남동 690번지,37.3791754055,126.8549961130
신김포농협주유소,031-987-0317,Y,1700,2022-12-13,09:17:19,경기도 김포시 통진읍 서암로 121,경기도 김포시 통진읍 서암리 799-16번지,37.6958363426,126.6004160140
지지대셀프주유소,031-454-0448,Y,1700,2022-11-15,08:11:54,경기도 의왕시 경수대로 112,경기도 의왕시 왕곡동 468-8번지,37.3377521835,126.9803079072
HD현대오일뱅크㈜직영 성산주유소,031-334-7465,Y,1700,2022-04-18,08:29:02,경기도 용인시 처인구 중부대로 983,경기도 용인시 처인구 삼가동 37-8번지,37.2496969538,127.1593313736
지에스(GS)금곡역주유소,031-591-5151,Y,1700,2023-06-30,14:49:00,경기도 남양주시 사릉로 56,경기도 남양주시 금곡동 404-3번지,37.6381773186,127.2092841570
양평프라자주유소,031-771-0162,Y,1700,2023-07-06,19:26:32,경기도 양평군 옥천면 경강로 1422,경기도 양평군 옥천면 아신리 368-1번지,37.5113854448,127.4427111463
sk에너지 준원주유소,031-768-8551,Y,1700,2022-08-10,09:05:07,경기도 광주시 오포로 257,경기도 광주시 능평동 36-24번지,37.3490083015,127.1906327359
HD현대오일뱅크㈜직영 용인IC셀프주유소,031-322-6051,Y,1700,2023-07-10,14:53:44,경기도 용인시 처인구 백옥대로 1410,경기도 용인시 처인구 유방동 245번지,37.2608996788,127.2131200942
(주)대한석유 한대역주유소,031-409-5149,Y,1700,2023-07-10,19:11:35,경기도 안산시 상록구 광덕4로 357,경기도 안산시 상록구 이동 622-2번지,37.3115305018,126.8506542243
삼일주유소,031-952-2745,Y,1700,2023-07-10,12:42:25,경기도 파주시 문산읍 문향로 29,경기도 파주시 문산읍 문산리 20-1번지,37.8545361196,126.7857876892
명품주유소,031-232-6051,Y,1700,2023-02-23,09:42:24,경기도 수원시 권선구 권선로 651,경기도 수원시 권선구 권선동 962-6번지,37.2605198408,127.0227798774
안산주유소(인천방향),031-402-5157,Y,1700,2022-05-06,03:27:03,경기도 안산시 단원구 영동고속도로 15,경기도 안산시 단원구 선부동 산1-50번지,37.3510830798,126.8186314385
임진농협 진상지점주유소,031-833-8333,Y,1700,2022-08-26,14:36:46,경기도 연천군 군남면 군남로 128,경기도 연천군 군남면 진상리 663-3번지,38.0594193935,127.0188579753
스케치주유소,031-485-5400,Y,1700,2023-07-10,12:40:58,경기도 시흥시 동서로 895-1,경기도 시흥시 물왕동 56번지,37.3801875344,126.8439971456
현대석유(주)서광주유소,031-244-5260,Y,1700,2022-04-02,09:08:56,경기도 수원시 장안구 서부로 2370,경기도 수원시 장안구 이목동 243-5번지,37.3165570611,126.9836026073
지에스칼텍스(주)부천고속주유소,032-672-0524,Y,1800,2022-05-12,20:27:26,경기도 부천시 신흥로 434,경기도 부천시 내동 72번지,37.5223666612,126.7759181478
신도시주유소,031-546-0476,Y,1800,2022-08-11,12:06:51,경기도 용인시 기흥구 금화로 2,경기도 용인시 기흥구 상갈동 486번지,37.2613086226,127.1047517676
김포대성 주유소,031-988-5515,Y,1800,2022-12-12,09:44:02,경기도 김포시 중봉로 37,경기도 김포시 감정동 520-8번지,37.6259658400,126.6964835331
원평주유소,031-294-2293,Y,1800,2023-06-30,12:52:07,경기도 화성시 매송면 화성로 2415,경기도 화성시 매송면 원평리 2-7번지,37.2477921837,126.9291039964
용담주유소,031-437-5051,Y,1800,2023-07-10,21:36:18,경기도 안산시 상록구 해안로 1363,경기도 안산시 상록구 팔곡일동 565-4번지,37.2979595229,126.8886027186
부영에너지,031-287-5566,Y,1800,2023-07-06,20:46:45,경기도 용인시 기흥구 사은로 169,경기도 용인시 기흥구 지곡동 613-1번지,37.2561507684,127.1235433943
지에스칼텍스(주)미성주유소,031-335-6232,Y,1800,2022-05-03,09:27:38,경기도 용인시 처인구 백옥대로 1416,경기도 용인시 처인구 유방동 244-2번지,37.2613595526,127.2131860160
열두개울제일주유소,031-835-1233,Y,1800,2022-04-12,14:32:47,경기도 연천군 청산면 청신로 101,경기도 연천군 청산면 초성리 449-3번지,37.9838084137,127.0693194939
행운셀프주유소,031-666-9292,Y,1800,2023-07-07,08:27:50,경기도 평택시 송탄로 301,경기도 평택시 서정동 789-4번지,37.0706976911,127.0591709522
청담에너지,031-238-5189,Y,1800,2022-05-21,08:30:12,경기도 수원시 팔달구 인계로 58,경기도 수원시 팔달구 인계동 975-2번지,37.2689704579,127.0239108158
(주)시흥에너지 배곧주유소,031-434-7683,Y,1800,2023-07-10,21:53:27,경기도 시흥시 서해안로 551,경기도 시흥시 정왕동 1773-1번지,37.3687950939,126.7346395115
현대오일뱅크㈜ 직영 화성현대self주유소,031-236-5145,Y,1800,2023-07-07,09:15:11,경기도 화성시 봉담읍 세자로 352,경기도 화성시 봉담읍 수기리 11-44번지,37.1971369149,126.9828058321
양평주유소,031-772-5151,Y,1500,2022-06-06,18:50:36,경기도 양평군 양평읍 양근로 82,경기도 양평군 양평읍 양근리 502-5번지,37.4967148016,127.4825893362
연세석유(주) 동아대Self주유소,031-671-8975,Y,1500,2023-07-10,20:11:44,경기도 안성시 삼죽면 서동대로 6351,경기도 안성시 삼죽면 진촌리 329-3번지,37.0591561287,127.3673222306
SK KH에너지 신곡주유소,031-856-4332,Y,1500,2023-07-10,07:26:24,경기도 의정부시 금신로 153,경기도 의정부시 신곡동 387번지,37.7343421451,127.0660474551
서안성주유소,031-673-6543,Y,1500,2022-12-08,14:52:36,경기도 안성시 보개면 서동대로 5623,경기도 안성시 보개면 내방리 149-1번지,37.0157268822,127.3149234719
(주)소유에너지 대원주유소,031-536-7207,Y,1500,2023-07-10,14:24:05,경기도 포천시 영북면 호국로 3525,경기도 포천시 영북면 야미리 318-2번지,38.0513995822,127.2694677109
골드밸리주유소,031-981-5920,Y,1500,2023-07-10,17:18:53,경기도 김포시 양촌읍 양곡우회로 141,경기도 김포시 양촌읍 양곡리 270-1번지,37.6619451419,126.6241127564
신한국주유소,02-486-1066,Y,1500,2023-05-17,16:11:50,경기도 하남시 동남로 516,경기도 하남시 감북동 458-1번지,37.5204941968,127.1455992476
HD현대오일뱅크㈜직영 운정셀프주유소,010-5116-0374,Y,1500,2023-07-08,12:32:20,경기도 파주시 미래로 374,경기도 파주시 야당동 1021번지,37.7111204310,126.7466978826
부강주유소,032-683-3305,Y,1500,2023-03-15,17:50:00,경기도 부천시 역곡로 458,경기도 부천시 고강동 346-7번지,37.5255174474,126.8160860948
대왕주유소,031-662-5185,Y,800,2023-06-12,10:52:02,경기도 평택시 진위면 삼남로 691,경기도 평택시 진위면 마산리 387-9번지,37.0854226648,127.0906686297
(주)유성 화정점,031-964-0014,Y,900,2023-07-10,20:20:36,경기도 고양시 덕양구 호국로 624,경기도 고양시 덕양구 화정동 695-1번지,37.6431576299,126.8298124260
세종석유,031-958-2400,Y,1000,2023-07-10,15:46:38,경기도 파주시 법원읍 자운서원로 436,경기도 파주시 법원읍 동문리 610-4번지,37.8620042102,126.8440241232
예루살렘셀프주유소,031-534-0902,Y,1000,2023-07-10,18:50:04,경기도 포천시 일동면 금강로 4193,경기도 포천시 일동면 유동리 575-1번지,37.9295364898,127.2991268392
파주경인주유소,031-943-5052,Y,1000,2022-12-06,14:37:11,경기도 파주시 조리읍 통일로 124,경기도 파주시 조리읍 봉일천리 15-9번지,37.7357315697,126.8280822175
가산농협 내촌주유소,031-531-1818,Y,1000,2023-07-10,17:34:19,경기도 포천시 내촌면 금강로 2229,경기도 포천시 내촌면 음현리 694-4번지,37.7774829568,127.2263406748
자연오일주유소,031-768-5181,Y,1000,2023-07-10,14:42:19,경기도 광주시 포은대로 213,경기도 광주시 문형동 313-11번지,37.3518887402,127.2178778321
파주아동주유소 ㈜경남오일뱅크,031-942-5103,Y,1000,2023-07-03,16:09:54,경기도 파주시 통일로 630,경기도 파주시 아동동 107-2번지,37.7662767958,126.7941194559
다대주유소,031-773-9073,Y,1000,2023-07-06,15:03:54,경기도 양평군 청운면 설악로 249,경기도 양평군 청운면 다대리 155번지,37.5688875963,127.7309281352
SK선봉대주유소,031-323-5593,Y,1200,2023-06-13,09:52:25,경기도 용인시 처인구 성산로 153,경기도 용인시 처인구 역북동 109-3번지,37.2501335896,127.1903157803
안산슈퍼맨주유소,031-419-8213,Y,1200,2023-07-10,17:09:31,경기도 안산시 상록구 서해로 2691,경기도 안산시 상록구 사사동 611-1번지,37.2922003906,126.9118679530
신만해주유소,031-439-0051,Y,1800,2023-07-09,10:47:40,경기도 시흥시 금화로 204,경기도 시흥시 산현동 395-7번지,37.3649972572,126.8307359333
CJ대한통운(주)직영 경기고속주유소,031-765-5805,Y,1800,2022-04-04,10:17:37,경기도 광주시 초월읍 경충대로 1021,경기도 광주시 초월읍 쌍동리 130-14번지,37.3700884937,127.3027851757
HD현대오일뱅크㈜직영 새광주셀프주유소,031-761-6853,Y,1800,2023-07-10,18:44:54,경기도 광주시 경충대로 1515,경기도 광주시 쌍령동 113-8번지,37.4036576400,127.2688681267
HD현대오일뱅크㈜직영 서현셀프주유소,031-701-4983,Y,1800,2023-07-10,17:54:38,경기도 성남시 분당구 서현로 488,경기도 성남시 분당구 분당동 130번지,37.3696742405,127.1477329570
안산고속주유소,031-485-2357,Y,1800,2023-01-17,13:22:08,경기도 안산시 상록구 가루개로 56,경기도 안산시 상록구 양상동 167-1번지,37.3464561377,126.8403843137
골드스타주유소,031-996-5145,Y,1800,2023-07-10,16:01:53,경기도 김포시 통진읍 월하로 524,경기도 김포시 통진읍 귀전리 606-5번지,37.7121895450,126.6139688650
HD현대오일뱅크㈜직영 강변셀프주유소,031-577-9275,Y,1500,2023-03-28,11:23:13,경기도 남양주시 고산로 166,경기도 남양주시 삼패동 604번지,37.5943532672,127.1844771158
지성주유소,031-356-4550,Y,1500,2023-07-10,10:20:53,경기도 화성시 마도면 화성로 726,경기도 화성시 마도면 슬항리 220-152번지,37.2075508373,126.7679381160
고양(서울방향)주유소/충전소,031-969-9480,Y,1500,2023-07-07,09:39:25,경기도 고양시 덕양구 수원문산고속도로 51,경기도 고양시 덕양구 성사동 95-1번지,37.6311720541,126.8495150919
지에스칼텍스㈜ 토당주유소,031-979-5020,Y,1500,2022-05-26,10:35:37,경기도 고양시 덕양구 중앙로 637,경기도 고양시 덕양구 토당동 899-8번지,37.6272645626,126.8277679771
한석제일주유소,032-679-8385,Y,1500,2023-01-04,08:05:21,경기도 부천시 오정로 86,경기도 부천시 삼정동 24-1번지,37.5256200054,126.7699791675
영중농협주유소,031-531-3235,Y,1500,2023-06-28,09:45:58,경기도 포천시 영중면 호국로 2936,경기도 포천시 영중면 양문리 545-1번지,38.0046318710,127.2474823585
영광셀프주유소,031-317-5147,Y,1500,2023-07-08,10:34:05,경기도 시흥시 시흥대로 869,경기도 시흥시 미산동 501-2번지,37.4140421649,126.7877992499
지에스칼텍스㈜직영 에이펙스주유소,031-321-5550,Y,1500,2023-06-05,11:20:46,경기도 용인시 처인구 이동읍 남북대로 2617,경기도 용인시 처인구 이동읍 송전리 205-1번지,37.1392712775,127.2052704974
동1 self주유소,031-663-8995,Y,1500,2023-07-10,12:02:11,경기도 평택시 삼남로 94,경기도 평택시 도일동 1005-3번지,37.0350530683,127.0992260177
선유주유소,031-833-5183,Y,1500,2022-12-07,19:42:47,경기도 연천군 전곡읍 양연로 452,경기도 연천군 전곡읍 간파리 298-5번지,37.9471548691,127.0034632701
삼화주유소,031-376-5101,Y,1500,2023-07-10,19:26:57,경기도 오산시 경기대로 692,경기도 오산시 내삼미동 573-1번지,37.1815279444,127.0522526991
HD현대오일뱅크㈜직영 탑골주유소,031-884-9551,Y,1500,2023-07-06,20:45:46,경기도 여주시 여주남로 158,경기도 여주시 연라동 166-3번지,37.2746257264,127.6113867878
일광송우점,031-543-2275,Y,1500,2023-07-10,13:48:43,경기도 포천시 소흘읍 호국로 620,경기도 포천시 소흘읍 송우리 456-2번지,37.8248767847,127.1460917037
SK동아에너지주유소충전소,031-664-7743,Y,1500,2022-07-12,09:03:50,경기도 평택시 남북대로 545,경기도 평택시 칠괴동 614번지,37.0236251735,127.0919560257
현대오일뱅크㈜직영 김포나루셀프주유소,031-996-5691,Y,1500,2023-07-10,18:16:05,경기도 김포시 태장로 819,경기도 김포시 장기동 2090-2번지,37.6365074780,126.6776124817
㈜이-조은에너지 굳오일셀프주유소,031-534-8929,Y,1500,2023-07-10,21:33:43,경기도 포천시 영중면 호국로 2931,경기도 포천시 영중면 양문리 832-7번지,38.0042157880,127.2467889654
청운농협주유소,031-774-5164,Y,1500,2023-06-12,13:43:18,경기도 양평군 청운면 용두로 81,경기도 양평군 청운면 용두리 760-3번지,37.5503590836,127.7046739933
중앙에너비스 양평지점,070-8707-4590,Y,1500,2023-06-19,07:05:31,경기도 양평군 양서면 경강로 962,경기도 양평군 양서면 국수리 391-5번지,37.5088551603,127.3941838138
(주)세정석유,031-373-7666,Y,1500,2023-07-10,17:53:09,경기도 오산시 청학로 64,경기도 오산시 청학동 5-3번지,37.1545337500,127.0651714537
우성주유소,031-771-7618,Y,1500,2022-10-05,15:07:01,경기도 양평군 개군면 개군로 320,경기도 양평군 개군면 하자포리 89-3번지,37.4408346909,127.5356546567
디딤돌주유소,031-336-5149,Y,1500,2023-07-10,18:05:05,경기도 용인시 처인구 백암면 죽양대로 820,경기도 용인시 처인구 백암면 백봉리 602-1번지,37.1408700272,127.3936851717
천운봉주유소,031-774-1245,Y,1500,2023-07-10,22:04:55,경기도 양평군 옥천면 경강로 1564,경기도 양평군 옥천면 옥천리 931-2번지,37.5054239767,127.4556592667
(주)뉴타운에너지 주유소,031-225-8087,Y,1500,2022-04-18,10:24:19,경기도 화성시 경기대로 1106,경기도 화성시 진안동 592-1번지,37.2135204221,127.0316866972
미소주유소,031-355-5180,Y,1500,2023-07-10,19:00:24,경기도 화성시 마도면 화성로 570,경기도 화성시 마도면 슬항리 4-1번지,37.2110286611,126.7518223058
차사랑주유소,031-358-5155,Y,1500,2023-07-10,16:59:13,경기도 화성시 우정읍 남양만로 565,경기도 화성시 우정읍 이화리 1079-1번지,37.0353701265,126.8032924269
대길주유소,031-532-7306,Y,1500,2023-02-15,10:28:38,경기도 포천시 영중면 호국로 3283,경기도 포천시 영중면 성동리 428-1번지,38.0310487979,127.2605297300
대경석유㈜송산마도주유/충전소,031-366-7131,Y,1500,2023-07-06,17:53:07,경기도 화성시 송산면 화성로 618,경기도 화성시 송산면 삼존리 773-1번지,37.2112806504,126.7574886169
엄지self주유소,031-862-1036,Y,1500,2023-01-04,10:51:00,경기도 동두천시 강변로 670,경기도 동두천시 동두천동 521-108번지,37.9263532252,127.0505959934
HD현대오일뱅크㈜직영 토평1호셀프주유소,031-565-8919,Y,1500,2023-07-10,06:07:06,경기도 구리시 벌말로 136,경기도 구리시 토평동 989번지,37.5886287922,127.1490369486
HD현대오일뱅크㈜직영 신안주유소,031-443-1500,Y,1500,2023-03-02,14:59:17,경기도 안양시 만안구 박달로 432,경기도 안양시 만안구 박달동 156-2번지,37.4017074667,126.9008444896
은현농협 에너지주유소,031-859-5151,Y,1500,2022-06-24,15:59:01,경기도 양주시 은현면 화합로 1148,경기도 양주시 은현면 용암리 475-8번지,37.8495850435,127.0424237327
(주)위굴리 고진역주유소,031-323-7014,Y,1500,2023-07-10,18:56:34,경기도 용인시 처인구 백옥대로 1234,경기도 용인시 처인구 유방동 529-16번지,37.2446199453,127.2129450359
승보스타주유소,031-358-3400,Y,1500,2023-07-10,06:30:33,경기도 화성시 장안면 수정로 113,경기도 화성시 장안면 독정리 628-20번지,37.0775056007,126.8565254976
고봉산주유소,031-977-5189,Y,1500,2023-03-09,09:25:13,경기도 고양시 일산동구 고봉로 464,경기도 고양시 일산동구 성석동 1305-9번지,37.6996224863,126.7818203429
CJ대한통운㈜ 톨게이트주유소,031-881-5113,Y,1500,2023-07-03,16:51:40,경기도 여주시 세종로 503,경기도 여주시 점봉동 325-1번지,37.2556292242,127.6479295815
HD현대오일뱅크㈜직영 동탄제일주유소,031-225-6974,Y,1500,2023-07-03,20:41:40,경기도 화성시 효행로 1279,경기도 화성시 반월동 539-1번지,37.2227010671,127.0610719879
율면농협주유소,031-641-9338,Y,1500,2022-10-18,07:56:39,경기도 이천시 율면 고당로 96,경기도 이천시 율면 고당리 487-5번지,37.0915834520,127.5442673141
삼교주유소,031-855-1065,Y,1500,2023-07-10,19:42:22,경기도 여주시 장여로 1596,경기도 여주시 삼교동 236-5번지,37.2399900917,127.6547990072
플러스주유소,031-311-7131,Y,1500,2023-07-05,12:53:22,경기도 시흥시 황고개로 520,경기도 시흥시 장곡동 932-9번지,37.3773113109,126.7892536176
HD현대오일뱅크㈜직영 신천리주유소,031-313-6760,Y,1550,2023-07-01,08:28:44,경기도 시흥시 수인로 3356,경기도 시흥시 신천동 710번지,37.4404587592,126.7859324421
민들레주유소,031-642-5151,Y,1600,2023-02-19,18:59:16,경기도 이천시 장호원읍 경충대로 111,경기도 이천시 장호원읍 장호원리 327-20번지,37.1235542132,127.6154090083
SK에너지(주)직영 평택항주유소,031-682-6003,Y,1600,2022-07-13,03:50:58,경기도 평택시 포승읍 포승공단로 240,경기도 평택시 포승읍 도곡리 632번지,36.9852725690,126.8599550153
기흥스마트주유소 주식회사,031-274-5174,Y,1600,2023-03-20,17:14:12,경기도 용인시 기흥구 동탄기흥로 750,경기도 용인시 기흥구 고매동 518-7번지,37.2251899195,127.1021786425
HD현대오일뱅크㈜직영 의왕셀프주유소,031-461-8204,Y,1600,2022-09-14,09:42:18,경기도 의왕시 오봉로 182,경기도 의왕시 이동 364-10번지,37.3348320708,126.9602569999
꽃밭주유소,031-793-5150,Y,1600,2023-07-09,17:56:18,경기도 하남시 미사강변대로 203,경기도 하남시 망월동 998번지,37.5679075722,127.1844528173
한울(주) 서일산주유소,031-921-0366,Y,1600,2023-07-07,18:22:57,경기도 고양시 일산서구 법곳길 84,경기도 고양시 일산서구 법곳동 145-1번지,37.6652639830,126.7275917375
HD현대오일뱅크㈜직영 한양현대주유소,031-413-5117,Y,1600,2023-02-26,06:07:32,경기도 안산시 단원구 화정천서로 507,경기도 안산시 단원구 선부동 1087-18번지,37.3422616680,126.8175934824
이마트24서비스 진위산단주유소,031-668-0010,Y,1600,2023-03-26,10:03:14,경기도 평택시 진위면 삼남로 712,경기도 평택시 진위면 마산리 367-2번지,37.0874092118,127.0916593564
마하주유소,031-444-5175,Y,1600,2023-07-10,12:43:06,경기도 안양시 만안구 엘에스로 237,경기도 안양시 만안구 안양동 325-17번지,37.3797109052,126.9387908126
(주)세화제2주유소,031-404-5189,Y,1600,2022-10-06,10:58:29,경기도 시흥시 동서로 425,경기도 시흥시 장현동 78번지,37.3841007427,126.7941258108
가남현대주유소,031-882-8886,Y,1600,2023-07-10,19:57:59,경기도 여주시 가남읍 경충대로 1520,경기도 여주시 가남읍 신해리 621-5번지,37.2182550252,127.5313116313
대성산업(주)안산공단주유소,031-494-5133,Y,1600,2023-07-04,16:33:30,경기도 안산시 단원구 산단로 313,경기도 안산시 단원구 신길동 1230번지,37.3227829451,126.7865009310
월드주유소,031-772-6776,Y,1600,2022-09-03,16:14:37,경기도 양평군 양평읍 중앙로 402,경기도 양평군 양평읍 대흥리 650-8번지,37.4909878111,127.5329296353
사동셀프주유소,031-406-5152,Y,2000,2022-05-23,10:56:07,경기도 안산시 상록구 선진로 11,경기도 안산시 상록구 사동 1486번지,37.2807220055,126.8475123261
백산주유소,031-233-3161,Y,2000,2022-09-04,11:41:28,경기도 화성시 효행로 606,경기도 화성시 안녕동 164-2번지,37.2030019750,126.9988690524
남선석유(주)옥정주유소,031-841-5180,Y,2000,2023-03-09,10:52:06,경기도 양주시 부흥로 2214,경기도 양주시 삼숭동 469번지,37.8089285673,127.0997947060
행복주유소,031-291-5151,Y,2000,2022-04-08,10:04:02,경기도 수원시 권선구 수인로 379,경기도 수원시 권선구 구운동 671번지,37.2882029166,126.9641101006
경기홈런주유소,031-352-6069,Y,2000,2022-10-31,15:24:36,경기도 화성시 정남면 서봉로 1061,경기도 화성시 정남면 신리 143-1번지,37.1635911336,126.9776732898
구산셀프주유소,031-792-0902,Y,2000,2022-07-16,23:49:21,경기도 하남시 미사대로 316,경기도 하남시 망월동 835번지,37.5755405913,127.1941826433
보정꽃길주유소,031-262-5185,Y,2000,2022-06-15,19:49:50,경기도 용인시 기흥구 용구대로2469번길 153,경기도 용인시 기흥구 보정동 495-2번지,37.3200516725,127.1045346452
파주농협주유소 봉서지점,031-953-7620,Y,2000,2022-04-25,15:05:53,경기도 파주시 파주읍 통일로 1541,경기도 파주시 파주읍 봉서리 828-13번지,37.8454008737,126.7894105800
동일석유(주)마석동일주유소,031-559-1245,Y,2000,2023-01-11,17:16:24,경기도 남양주시 화도읍 경춘로 1757,경기도 남양주시 화도읍 묵현리 358-5번지,37.6575573229,127.2856108319
평택농협주유소,031-653-9805,Y,2000,2022-04-04,15:32:29,경기도 평택시 만세로 1649,경기도 평택시 죽백동 442-1번지,37.0177428531,127.1175282050
SK KH에너지 맑은샘주유소,031-855-0961,Y,2000,2022-05-08,13:17:08,경기도 양주시 장흥면 호국로 777,경기도 양주시 장흥면 울대리 75-8번지,37.7299221110,126.9949989806
매산주유소,031-321-8558,Y,2000,2022-06-09,22:07:55,경기도 용인시 처인구 모현읍 곡현로 638,경기도 용인시 처인구 모현읍 매산리 256-3번지,37.3408354973,127.2245800083
SK에너지(주) 옥정신도시주유소,031-868-9670,Y,2000,2023-03-22,07:50:52,경기도 양주시 옥정로 300,경기도 양주시 옥정동 952-1번지,37.8286769926,127.0921086722
은행나무주유소,032-675-5185,Y,2000,2023-07-10,15:17:06,경기도 부천시 길주로 571,경기도 부천시 여월동 342번지,37.5072318566,126.8057419108
대성산업(주)과천주유소,02-503-1941,Y,2200,2023-03-08,08:45:05,경기도 과천시 중앙로 144,경기도 과천시 별양동 1-2번지,37.4288282829,126.9930387021
판교주유소,031-708-1717,Y,2200,2023-07-10,19:37:39,경기도 성남시 분당구 운중로 263,경기도 성남시 분당구 판교동 587번지,37.3893542633,127.0925126394
HD현대오일뱅크㈜직영 경기주유소,031-791-5070,Y,2200,2023-07-10,17:09:47,경기도 하남시 대청로 73,경기도 하남시 신장동 99-30번지,37.5408050174,127.2207105887
판교서일주유소,031-8016-5260,Y,2300,2022-03-29,10:38:15,경기도 성남시 분당구 판교로 315,경기도 성남시 분당구 삼평동 691-1번지,37.4034809460,127.1091585054
㈜삼표에너지 군포스타주유소,031-393-5189,Y,2300,2023-07-10,11:23:16,경기도 군포시 고산로 688,경기도 군포시 산본동 207-3번지,37.3710302928,126.9349251918
지에스칼텍스(주)백운밸리주유소,031-425-5189,Y,2300,2022-11-05,10:25:44,경기도 의왕시 백운로 370,경기도 의왕시 학의동 1111-1번지,37.3726981422,127.0032652544
(주)삼표에너지 야탑주유소,031-706-5145,Y,2300,2022-05-24,14:06:27,경기도 성남시 분당구 돌마로 910,경기도 성남시 분당구 야탑동 187번지,37.4129299347,127.1442307966
호림플러스홀딩스,031-636-6338,Y,2300,2023-07-07,13:53:38,경기도 이천시 경충대로 2855,경기도 이천시 사음동 150-8번지,37.2911860876,127.4250753087
HD현대오일뱅크㈜직영 서동탄셀프주유소,031-372-5120,Y,2400,2023-07-10,22:33:08,경기도 오산시 문시로 127,경기도 오산시 외삼미동 317번지,37.1897339078,127.0603164517
HD현대오일뱅크㈜직영 영통제일셀프주유소,031-211-2255,Y,2400,2023-07-10,21:33:30,경기도 수원시 영통구 영통로 317,경기도 수원시 영통구 매탄동 540-5번지,37.2544536844,127.0625116652
HD현대오일뱅크㈜직영 경기주유소,031-283-5189,Y,2400,2022-04-04,14:04:51,경기도 용인시 기흥구 중부대로 312,경기도 용인시 기흥구 신갈동 477-1번지,37.2701334279,127.1021002098
봉담IC셀프에너지,031-298-5100,Y,2400,2022-04-19,08:22:43,경기도 화성시 봉담읍 삼천병마로 1346,경기도 화성시 봉담읍 동화리 357-3번지,37.2247250104,126.9538510833
HD현대오일뱅크㈜직영 능동셀프주유소,031-8003-6661,Y,2400,2023-07-09,18:31:26,경기도 화성시 북삼미로 261,경기도 화성시 능동 992-3번지,37.1987977126,127.0591483274
HD현대오일뱅크㈜직영 구성신도시주유소,031-287-0151,Y,2400,2023-07-10,17:36:00,경기도 용인시 기흥구 용구대로 2381,경기도 용인시 기흥구 마북동 507번지,37.2986266801,127.1075579060
HD대오일뱅크(주) 판교현대주유소,031-423-5179,Y,2400,2023-07-10,12:17:11,경기도 의왕시 안양판교로 448,경기도 의왕시 청계동 252-8번지,37.3938656297,127.0193034903
(주)유카스에너지 상동SELF,070-7728-9215,Y,2500,2022-04-01,15:58:33,경기도 부천시 부일로 274,경기도 부천시 상동 321-1번지,37.4879836600,126.7604594003
희성석유(주)금곡,031-716-5664,Y,2500,2022-04-11,10:33:48,경기도 성남시 분당구 불정로 1,경기도 성남시 분당구 정자동 177번지,37.3601907544,127.1046516020
(주)위굴리 부천스마트시티주유소,032-349-5812,Y,2500,2022-03-25,09:37:48,경기도 부천시 양지로 115,경기도 부천시 옥길동 784-1번지,37.4722199620,126.8159726460
(주)위굴리 구도일주유소 톨게이트,031-786-1070,Y,3000,2023-07-10,10:55:44,경기도 성남시 분당구 대왕판교로 263,경기도 성남시 분당구 궁내동 203-6번지,37.3673365688,127.1013277120
도화상사은봉주유소,031-943-9040,Y,5000,2023-06-26,10:47:24,경기도 파주시 평화로 260,경기도 파주시 야동동 622-8번지,37.7734439639,126.7534579292
서안에너지 평화,031-681-0094,Y,6000,2023-07-10,11:57:32,경기도 평택시 현덕면 서해로 506,경기도 평택시 현덕면 기산리 135-12번지,36.9459060522,126.9139005543
(주)호정디엔이 열린주유소,031-385-7500,Y,6000,2023-07-10,15:05:34,경기도 안양시 동안구 관악대로 248,경기도 안양시 동안구 비산동 1055-1번지,37.4014088054,126.9507071418
산업로 주유소,031-762-5149,Y,6000,2023-07-10,19:22:55,경기도 광주시 경충대로 1763,경기도 광주시 역동 94-4번지,37.4009368540,127.2433191610
승채주유소,031-945-4396,Y,6000,2023-07-10,19:43:45,경기도 파주시 월롱면 통일로 824,경기도 파주시 월롱면 영태리 612-17번지,37.7826829864,126.7885238200
지에스칼텍스㈜직영 송산주유소,031-852-5189,N,0,2023-02-25,09:56:21,경기도 의정부시 충의로 94,경기도 의정부시 용현동 550-4번지,37.7402026428,127.0866359518
분당탑주유소,031-702-4983,N,0,2022-07-19,19:49:54,경기도 성남시 분당구 판교로 751,경기도 성남시 분당구 야탑동 193번지,37.4056196152,127.1563668356
SK에너지(주) 엔크린셀프주유소,031-877-5477,N,0,2022-07-10,10:42:29,경기도 의정부시 경의로 20,경기도 의정부시 의정부동 609-2번지,37.7325934265,127.0375610877
슈퍼맨주유소,031-366-2556,N,0,2022-03-31,18:33:38,경기도 화성시 향남읍 발안로 392,경기도 화성시 향남읍 동오리 505-1번지,37.1306529197,126.9496305865
박달주유소,031-464-0051,N,0,2022-04-08,13:50:30,경기도 안양시 만안구 박달로 274,경기도 안양시 만안구 박달동 705-3번지,37.4037274111,126.8852134239
㈜JS 프라임주유소,031-943-2236,Y,2000,2022-04-08,09:23:28,경기도 파주시 교하로 434,경기도 파주시 동패동 277-20번지,37.7056722668,126.7306893282
만당대경주유소,031-896-5151,Y,2000,2022-05-17,07:37:59,,경기 용인시 수지구 신수로 777,,
HD현대오일뱅크㈜직영 관양현대셀프주유소,031-423-6942,Y,2000,2023-07-10,10:42:23,경기도 안양시 동안구 관악대로 414,경기도 안양시 동안구 관양동 1466-3번지,37.4044212240,126.9688651915
HD현대오일뱅크㈜직영 동탄현대주유소,031-234-1761,Y,2000,2023-07-04,17:10:09,경기도 화성시 효행로 1315,경기도 화성시 반월동 487번지,37.2249905213,127.0634822403
카이에너지㈜ 복지주유소,031-837-5144,Y,2000,2022-07-22,12:18:05,경기도 양주시 백석읍 중앙로 175,경기도 양주시 백석읍 복지리 197-3번지,37.7929117883,126.9921058808
평촌주유소,031-423-5189,Y,2000,2022-04-18,17:41:28,경기도 의왕시 갈미로 2,경기도 의왕시 내손동 797번지,37.3768055975,126.9694101312
조인에너지셀프야동점,031-948-6181,Y,2000,2023-07-10,18:50:32,경기도 파주시 창곡동길 27,경기도 파주시 야동동 151-12번지,37.7730911259,126.7647140155
HD현대오일뱅크㈜직영 비봉현대주유소,031-357-9893,Y,2000,2023-02-06,05:30:24,경기도 화성시 비봉면 화성로 1589-1,경기도 화성시 비봉면 양노리 637-1번지,37.2249792756,126.8539332674
(주)썬라이즈오일 서여주IC 주유소,031-881-5052,Y,2000,2023-05-03,09:56:24,경기도 여주시 세종대왕면 중부대로 2657,경기도 여주시 세종대왕면 번도리 887-33번지,37.2983156018,127.6000482408
SK에너지(주) SK호매실주유소,031-296-8668,Y,2000,2022-12-14,08:56:33,경기도 수원시 권선구 서수원로 453,경기도 수원시 권선구 호매실동 1374-1번지,37.2670367169,126.9617788833
하늘에너지(주)별내지점,031-572-5153,Y,2000,2023-07-10,10:21:34,경기도 남양주시 순화궁로 513,경기도 남양주시 별내동 817번지,37.6708658312,127.1167185007
(주)한결에너지 한결주유소,031-337-0599,Y,2000,2023-07-06,15:48:18,경기도 용인시 처인구 중부대로 1201,경기도 용인시 처인구 삼가동 239-2번지,37.2385370572,127.1784801700
조인에너지 Self,031-953-6979,Y,2000,2023-07-10,12:32:10,경기도 파주시 법원읍 화합로 74,경기도 파주시 법원읍 대능리 119-1번지,37.8456427291,126.8749707000
대성산업(주)동두천주유소,031-862-3482,Y,2000,2022-06-03,08:12:32,경기도 동두천시 평화로 2496,경기도 동두천시 생연동 493-1번지,37.9106643981,127.0584612514
HD현대오일뱅크㈜직영 봉담셀프주유소,031-227-8367,Y,2000,2023-07-10,15:09:42,경기도 화성시 봉담읍 삼천병마로 862,경기도 화성시 봉담읍 당하리 154번지,37.1849106619,126.9385342553
장암주유소,031-875-5151,Y,2000,2022-04-11,18:22:22,경기도 의정부시 동일로 30,경기도 의정부시 장암동 380-30번지,37.6917780493,127.0554522137
HD현대오일뱅크㈜직영 능곡현대주유소,031-497-5189,Y,2000,2023-07-09,17:36:07,경기도 시흥시 시흥대로 238-2,경기도 시흥시 군자동 113번지,37.3621546127,126.8066854662
동일석유제일주유소,031-449-2796,Y,2000,2023-07-08,10:25:28,경기도 안양시 동안구 경수대로 962,경기도 안양시 동안구 비산동 540-9번지,37.4001151068,126.9306507824
동일석유 SK양주셀프주유소,031-563-2019,Y,2000,2022-03-29,17:30:47,경기도 구리시 경춘로 196,경기도 구리시 수택동 370-3번지,37.6001561806,127.1368385693
HD현대오일뱅크㈜직영 안산공원셀프주유소,031-413-5051,Y,2000,2022-06-14,06:53:09,경기도 안산시 단원구 광덕1로 268,경기도 안산시 단원구 고잔동 779-1번지,37.3069189416,126.8398835258
슈퍼맨주유소,031-224-5100,Y,2000,2023-06-29,13:19:20,경기도 수원시 권선구 덕영대로 1139,경기도 수원시 권선구 세류동 1125-3번지,37.2517929852,127.0157873238
(주)성홍 안산터미널주유소,031-402-5145,Y,2000,2023-07-06,07:14:01,경기도 안산시 상록구 충장로 431,경기도 안산시 상록구 성포동 590번지,37.3174429835,126.8489104830
주식회사 성인석유 거창주유소,031-366-6000,Y,2000,2023-07-07,16:35:26,경기도 화성시 팔탄면 마당바위로 113,경기도 화성시 팔탄면 구장리 846-7번지,37.1614444627,126.9101569751
셀프광장주유소,031-795-2001,Y,2000,2022-03-25,10:26:21,경기도 하남시 창우로 56,경기도 하남시 창우동 361-1번지,37.5318398952,127.2260070133
모곡주유소,031-664-8951,Y,2000,2022-06-14,06:50:56,경기도 평택시 경기대로 927,경기도 평택시 모곡동 105-4번지,37.0322380858,127.0701759901
대경석유(주) 동성셀프주유소,031-868-5164,Y,2000,2023-07-06,10:52:42,경기도 동두천시 강변로 858,경기도 동두천시 동두천동 403번지,37.9415220772,127.0553632150
우영주유소,031-378-5071,Y,2000,2023-07-10,17:04:50,경기도 오산시 가장로 524,경기도 오산시 가장동 34-2번지,37.1598196652,127.0375593192
서율주유소,02-899-8804,Y,1200,2023-07-10,19:34:16,경기도 광명시 오리로 461,경기도 광명시 소하동 303-14번지,37.4432399358,126.8794074637
이케이에너지(주) 예당주유소,031-876-6171,Y,1200,2023-07-10,20:28:23,경기도 의정부시 의정로 10,경기도 의정부시 의정부동 533-8번지,37.7337120220,127.0355113359
산들주유소,031-356-9545,Y,1200,2023-07-10,18:30:08,경기도 화성시 남양읍 시청로 270,경기도 화성시 남양읍 무송리 212-12번지,37.1923270891,126.8385726832
파주셀프주유소,031-947-8494,Y,1200,2023-07-10,18:50:43,경기도 파주시 조리읍 파주로 1077,경기도 파주시 조리읍 등원리 399번지,37.7520194495,126.8003961061
(주)서율주유소 상하점,031-283-2242,Y,1200,2023-01-17,11:33:00,경기도 용인시 기흥구 어정로 52,경기도 용인시 기흥구 상하동 639-1번지,37.2710126478,127.1372862739
원우주유소,031-529-2965,Y,1200,2023-03-18,15:52:30,경기도 남양주시 진건읍 진건오남로 237,경기도 남양주시 진건읍 용정리 464번지,37.6689377920,127.1872571791
씨엘무역동두천지점 주식회사,031-863-8651,Y,1200,2023-03-04,13:31:03,경기도 동두천시 평화로 3122,경기도 동두천시 하봉암동 70-5번지,37.9648450842,127.0668004957
만남주유소,031-633-6636,Y,1200,2023-04-20,10:09:00,경기도 이천시 부발읍 중부대로 1500,경기도 이천시 부발읍 마암리 46번지,37.2818327940,127.4758930698
주식회사 양지남부대로주유소,031-378-4980,Y,1200,2023-07-10,18:45:16,경기도 오산시 남부대로 10,경기도 오산시 벌음동 140-23번지,37.1362022109,127.0374441428
장미주유소,031-761-2549,Y,1800,2023-07-10,18:34:21,경기도 광주시 경충대로 1920,경기도 광주시 장지동 560-1번지,37.4071924814,127.2272412522
삼미상사(주) 합정셀프주유소,031-653-5151,Y,1800,2022-06-22,11:13:48,경기도 평택시 평택4로 28,경기도 평택시 합정동 963-4번지,36.9904344983,127.0999546884
HD현대오일뱅크㈜직영 희망주유소,031-722-0396,Y,1800,2023-07-06,18:52:53,경기도 성남시 중원구 희망로 28,경기도 성남시 중원구 도촌동 504번지,37.4147765746,127.1468438015
HD현대오일뱅크㈜직영 장항IC셀프주유소,031-904-5152,Y,1900,2022-03-31,12:15:23,경기도 고양시 일산동구 백마로 56,경기도 고양시 일산동구 장항동 541번지,37.6441776883,126.7621100529
현대오일뱅크㈜직영 비전현대Self주유소,031-651-5188,Y,1900,2023-07-10,21:10:18,경기도 평택시 경기대로 572,경기도 평택시 세교동 629-1번지,37.0055692781,127.0841173113
(주)에스디에너텍 베스타주유소,031-351-5199,Y,1900,2023-07-10,12:49:52,경기도 화성시 우정읍 포승향남로 1129,경기도 화성시 우정읍 이화리 471-11번지,37.0480508993,126.7968114005
HD현대오일뱅크㈜직영 별내1호셀프주유소,031-527-5188,Y,1900,2022-04-04,00:00:54,경기도 남양주시 송산로 149,경기도 남양주시 별내동 969번지,37.6557727803,127.1293575137
HD현대오일뱅크㈜직영 천천현대셀프주유소,031-269-5151,Y,1900,2022-04-07,12:26:08,경기도 수원시 장안구 덕영대로 557,경기도 수원시 장안구 천천동 521번지,37.2952142377,126.9819997315
HD현대오일뱅크㈜직영 경원셀프주유소,031-751-6051,Y,1900,2022-05-11,07:55:40,경기도 성남시 수정구 성남대로 1414,경기도 성남시 수정구 복정동 693번지,37.4561150496,127.1268173606
HD현대오일뱅크㈜직영 농수산주유소,031-568-5151,Y,1900,2023-03-30,12:19:29,경기도 구리시 동구릉로136번길 90,경기도 구리시 인창동 127번지,37.6090357307,127.1461652473
동일석유㈜신내IC주유소,031-858-3336,Y,2000,2022-04-04,19:15:12,경기도 양주시 평화로 1998,경기도 양주시 봉양동 807-4번지,37.8659045637,127.0605361525
하늘에너지(주)대창주유소,031-252-5151,Y,2000,2022-06-26,07:50:27,경기도 수원시 팔달구 경수대로 682,경기도 수원시 팔달구 우만동 489-14번지,37.2862916244,127.0275132632
참좋은주유소,031-232-2165,Y,2000,2023-07-10,20:57:43,경기도 수원시 권선구 정조로 599,경기도 수원시 권선구 세류동 147-3번지,37.2623763355,127.0138249168
삼성주유소,031-662-7056,Y,2000,2023-07-01,14:24:53,경기도 평택시 탄현로 344,경기도 평택시 지산동 743-1번지,37.0826160215,127.0571555140
해양산업단지주유소,031-357-5136,Y,2000,2023-07-10,09:18:42,경기도 화성시 서신면 전곡항로 382,경기도 화성시 서신면 전곡리 558-2번지,37.1882606779,126.6837380196
HD현대오일뱅크㈜직영 안산중앙주유소,031-486-7547,Y,2000,2023-07-07,19:27:05,경기도 안산시 단원구 화정로 96,경기도 안산시 단원구 와동 852번지,37.3327177214,126.8225788779
삼미상사(주) 중앙셀프주유소,031-865-2520,Y,1800,2023-07-06,10:27:14,경기도 동두천시 평화로 2266,경기도 동두천시 지행동 478-1번지,37.8899932135,127.0572882292
대성산업(주)수원주유소,031-243-3535,Y,1800,2023-03-07,11:10:40,경기도 수원시 장안구 경수대로 868,경기도 수원시 장안구 조원동 763-23번지,37.2981516657,127.0136060313
C＆S유통(주)구도일주유소일류,031-257-1150,Y,1800,2022-11-09,07:31:14,경기도 수원시 장안구 경수대로 1029,경기도 수원시 장안구 파장동 606번지,37.3069069476,126.9991507706
(주)영화에너지,031-632-5182,Y,1800,2023-07-10,18:13:13,경기도 이천시 대월면 경충대로 1597,경기도 이천시 대월면 장평리 63-1번지,37.2226735511,127.5244263073
명호주유소,031-636-5175,Y,1800,2023-02-13,10:57:18,경기도 이천시 부발읍 중부대로 1744,경기도 이천시 부발읍 신원리 644번지,37.2893619339,127.4998195203
삼미상사(주) 시흥IC셀프주유소,031-435-5157,Y,1800,2022-11-09,10:09:35,경기도 시흥시 소사로 49,경기도 시흥시 계수동 380-16번지,37.4628529623,126.8002498657
주내주유소,031-953-4330,Y,1800,2023-07-07,15:29:31,경기도 파주시 파주읍 술이홀로 383,경기도 파주시 파주읍 연풍리 440-7번지,37.8311361326,126.8298656592
삼미상사㈜ 보라self주유소,031-282-2381,Y,1800,2023-07-11,01:21:28,경기도 용인시 기흥구 용구대로 1835,경기도 용인시 기흥구 보라동 459-1번지,37.2519515209,127.1045751281
경일석유(주)신신주유소,031-903-5633,Y,1800,2023-07-10,19:24:03,경기도 고양시 일산동구 백마로 32,경기도 고양시 일산동구 장항동 541-28번지,37.6423477563,126.7606319612
부천하이웨이주유소,032-326-5104,Y,1800,2022-07-13,15:28:27,경기도 부천시 송내대로 369,경기도 부천시 상동 499-6번지 1층,37.5160876156,126.7604537167
현대오일뱅크㈜직영 효행로셀프주유소,031-234-5715,Y,1800,2023-07-10,09:58:14,경기도 화성시 효행로 767,경기도 화성시 안녕동 39-1번지,37.2036872120,127.0140551268
(주)삼호SW주유소,031-362-6830,Y,1800,2022-04-14,17:20:22,경기도 시흥시 시화벤처로 358,경기도 시흥시 정왕동 2668-1번지,37.3150587890,126.7158753030
초이주유소,02-3426-8175,Y,1800,2023-07-07,14:29:39,경기도 하남시 천호대로 1427,경기도 하남시 초이동 62-1번지,37.5448758166,127.1672526270
삼미상사(주)일산제일주유소,031-975-5159,Y,1800,2022-06-30,11:15:43,경기도 고양시 일산동구 고봉로 473,경기도 고양시 일산동구 성석동 1305-24번지,37.7007699522,126.7807996829
푸른현대주유소 (주)더 일신,031-245-8669,Y,1800,2023-07-05,14:05:07,경기도 수원시 팔달구 팔달로 137,경기도 수원시 팔달구 화서동 71-10번지,37.2807808349,127.0046596128
(주)태양주유소,031-771-3674,Y,1800,2022-03-26,09:05:45,경기도 양평군 양평읍 양근로 316,경기도 양평군 양평읍 창대리 537-16번지,37.4824293969,127.5003845992
삼미상사(주)이천마장셀프주유소,031-638-5102,Y,1800,2023-07-06,18:47:02,경기도 이천시 마장면 중부대로 560,경기도 이천시 마장면 표교리 341-5번지,37.2550385251,127.3989603411
한강에너지(주),031-759-2834,Y,2000,2023-07-05,18:40:48,경기도 성남시 중원구 여수대로 147,경기도 성남시 중원구 여수동 1-1번지,37.4223241953,127.1188252755
대림에너지주유소,010-3648-3611,Y,2000,2023-07-08,13:46:38,경기도 남양주시 진접읍 금강로 1667,경기도 남양주시 진접읍 장현리 4-3번지,37.7388647439,127.1947491268
한신주유소,031-718-5151,Y,2000,2022-04-07,07:49:20,경기도 광주시 신현로 90,경기도 광주시 신현동 668-4번지,37.3599385296,127.1566655650
SK이화주유소,032-651-4924,Y,2000,2023-07-10,08:37:43,경기도 부천시 부천로 207,경기도 부천시 춘의동 167-7번지,37.5026649798,126.7865735959
SK에너지(주)직영 새천년주유소,031-494-5185,Y,2000,2022-08-22,17:36:26,경기도 안산시 단원구 정왕대로 424,경기도 안산시 단원구 신길동 249-20번지,37.3341393909,126.7561342660
해승주유소,031-314-6022,Y,2000,2022-09-21,11:26:42,경기도 시흥시 서해안로 1048,경기도 시흥시 방산동 787-3번지,37.4082352418,126.7552666630
서일석유(주)열린스타주유소,031-452-6246,Y,1400,2022-04-01,12:34:03,경기도 의왕시 모락로 117,경기도 의왕시 오전동 11-9번지,37.3685698598,126.9660348837
한내주유소,031-534-6993,Y,1400,2023-07-10,17:44:23,경기도 포천시 신북면 호국로 2323,경기도 포천시 신북면 만세교리 365번지,37.9545121629,127.2397088307
티지주유소,031-862-1915,Y,1400,2023-07-10,17:12:04,경기도 양주시 평화로 1915,경기도 양주시 봉양동 939-12번지,37.8598855943,127.0561951404
정인주유소,031-867-5155,Y,1400,2023-06-25,08:57:53,경기도 동두천시 평화로 3125,경기도 동두천시 하봉암동 69-7번지,37.9652664575,127.0661946457
(주)어하둥둥알뜰주유소,031-856-9991,Y,1400,2022-12-06,09:40:25,경기도 양주시 부흥로 1300,경기도 양주시 유양동 612-11번지,37.7873596173,127.0200367908
㈜에버에너지(갈담주유소),031-332-5182,Y,1400,2023-07-10,20:04:33,경기도 용인시 처인구 모현읍 백옥대로 2177,경기도 용인시 처인구 모현읍 갈담리 447-6번지,37.3191963472,127.2420060285
진현에너지 해오름지점,031-352-5189,Y,1600,2023-07-10,18:43:29,경기도 화성시 팔탄면 서해로 833,경기도 화성시 팔탄면 지월리 781-10번지,37.1357385889,126.8945153786
삼미상사(주)남현주유소,031-673-5192,Y,1600,2022-11-09,10:28:23,경기도 안성시 대덕면 서동대로 5049,경기도 안성시 대덕면 소현리 287-7번지,37.0236031833,127.2584898456
기쁨두배주유소,031-451-0101,Y,1600,2023-07-10,14:08:49,경기도 안양시 동안구 시민대로 67,경기도 안양시 동안구 호계동 899-9번지,37.3847910386,126.9418367627
송촌주유소,031-942-7800,Y,1600,2022-12-05,10:09:30,경기도 파주시 재두루미길 622,경기도 파주시 송촌동 697번지,37.7530031981,126.6868476479
HD현대오일뱅크㈜직영 목감주유소,031-403-8051,Y,1600,2023-07-10,16:32:37,경기도 시흥시 수인로 2335,경기도 시흥시 목감동 202-22번지,37.3877925749,126.8616549611
한길주유소,010-9751-6996,Y,1600,2023-07-10,17:22:32,경기도 이천시 증신로 42,경기도 이천시 갈산동 699-6번지,37.2820991517,127.4607203245
삼호에너지 파주아울렛주유소,070-4910-4007,Y,1600,2023-05-17,12:34:39,경기도 파주시 파주로 70,경기도 파주시 문발동 232-18번지,37.7241578604,126.6968536392
삼미상사(주)부천제일주유소,032-681-3737,Y,1600,2022-11-09,14:27:08,경기도 부천시 소사로 782,경기도 부천시 원종동 233-24번지,37.5258956702,126.8052181456
금곡주유소,031-681-5088,Y,1600,2023-07-04,21:14:17,경기도 평택시 안중읍 서해로 1209,경기도 평택시 안중읍 금곡리 550-4번지,37.0011429271,126.9432376758
풍천주유소,031-529-3357,Y,1600,2023-07-10,13:31:01,경기도 남양주시 진접읍 금강로 1842,경기도 남양주시 진접읍 팔야리 745-1번지,37.7488603571,127.2089652153
대신주유소,031-245-8952,Y,1600,2023-07-10,07:18:13,경기도 수원시 장안구 경수대로 1011,경기도 수원시 장안구 송죽동 440-4번지,37.3061388800,127.0008372203
이케이에너지(주)행운주유소,031-864-6995,Y,1600,2022-11-09,16:12:46,경기도 양주시 평화로 1772,경기도 양주시 회정동 60-8번지,37.8474328795,127.0546898741
HD현대오일뱅크㈜직영 중동대로셀프주유소,032-326-5188,Y,1600,2023-07-08,13:28:52,경기도 부천시 평천로 639,경기도 부천시 약대동 192-3번지,37.5153467665,126.7616152147
(주)삼표에너지삼표주유소,032-329-5151,Y,2000,2023-07-10,20:02:15,경기도 부천시 부흥로 317,경기도 부천시 중동 1120-4번지,37.4948067625,126.7779264406
시흥버스터미널(주)주유소,031-431-5146,Y,2000,2022-09-20,14:29:54,경기도 시흥시 옥구공원로 225,경기도 시흥시 정왕동 1745-6번지,37.3426269434,126.7358083430
(주)대화에너지,031-925-9120,Y,2000,2022-04-29,17:41:09,경기도 고양시 일산서구 탄중로 251,경기도 고양시 일산서구 탄현동 43-7번지,37.6938266565,126.7729382482
(주)원일유통 능곡주유소,031-972-7311,Y,2000,2022-04-01,13:53:17,경기도 고양시 덕양구 토당로 104,경기도 고양시 덕양구 토당동 283-8번지,37.6244926286,126.8175033719
만해유업㈜ 만해주유소,031-492-2500,Y,2000,2022-04-18,11:20:11,경기도 안산시 단원구 만해로 92,경기도 안산시 단원구 신길동 283-2번지,37.3285380789,126.7498233595
대동주유소,031-771-8960,Y,2000,2022-09-13,16:18:01,경기도 양평군 청운면 경강로 4220,경기도 양평군 청운면 가현리 593번지,37.5470943226,127.7108461042
대경석유(주) 구갈대경주유소,031-275-5116,Y,2000,2023-01-10,13:15:05,경기도 용인시 기흥구 중부대로 551,경기도 용인시 기흥구 구갈동 582-1번지,37.2722262631,127.1246702475
삼미상사(주)내촌IC셀프주유소,031-532-9551,Y,1700,2022-11-09,10:19:49,경기도 포천시 내촌면 금강로 2022,경기도 포천시 내촌면 음현리 521-5번지,37.7601680660,127.2222833511
(주)휴세코 희망주유소/충전소,031-925-5133,Y,1700,2023-07-10,20:49:01,경기도 고양시 일산서구 경의로 910,경기도 고양시 일산서구 덕이동 304-4번지,37.6984668399,126.7596439091
오늘주유소 고백점,010-9585-4300,Y,1700,2023-07-10,16:45:56,경기도 이천시 부발읍 중부대로 2033,경기도 이천시 부발읍 고백리 312-7번지,37.2940899144,127.5321328148
분당대일주유소,031-706-6037,Y,1700,2023-01-31,22:57:53,경기도 성남시 분당구 양현로 312,경기도 성남시 분당구 야탑동 348번지,37.4116062218,127.1242584458
(주)동강석유 남안산IC주유소,031-494-1080,Y,1700,2022-05-09,12:26:50,경기도 안산시 단원구 성곡로 279,경기도 안산시 단원구 신길동 1037-14번지,37.3299755016,126.7692238957
양평휴게주유소(서울방향),031-8027-2194,Y,1700,2022-06-15,18:03:13,경기도 양평군 양동면 여양3로 384-27,경기도 양평군 양동면 단석리 512-18번지,37.3986785581,127.7235581364
시흥하늘주유소(판교방향),031-481-8149,Y,1700,2022-05-30,13:32:51,경기도 시흥시 수도권제1순환고속도로 106,경기도 시흥시 조남동 198-17번지,37.3826018056,126.8552152694
안산주유소(강릉방향),031-403-5158,Y,1700,2022-05-03,07:00:43,경기도 안산시 단원구 영동고속도로 15,경기도 안산시 단원구 선부동 산1-50번지,37.3510830798,126.8186314385
마장프리미엄주유소(통영방향),031-638-7869,Y,1700,2022-05-15,11:34:08,경기도 이천시 마장면 중부고속도로 82,경기도 이천시 마장면 목리 산13-32번지,37.2627442492,127.4084798710
덕평(양방향)주유소충전소,031-635-8858,Y,1700,2022-11-28,11:40:22,경기도 이천시 마장면 덕이로154번길 287-74,경기도 이천시 마장면 각평리 319-2번지,37.2421930956,127.3884580714
한라주유소,031-762-0070,Y,1700,2022-08-15,15:37:23,경기도 광주시 포은대로 655,경기도 광주시 장지동 221-4번지,37.3846930642,127.2429001063
안일주유소,031-681-9417,Y,1800,2023-07-10,14:18:46,경기도 평택시 안중읍 서동대로 1736,경기도 평택시 안중읍 안중리 61-17번지,36.9911165546,126.9427151786
한민족주유소,031-366-4486,Y,1800,2022-05-13,12:11:06,경기도 화성시 향남읍 푸른들판로 324-6,경기도 화성시 향남읍 장짐리 85-4번지,37.1398854912,126.9016996479
남경주유소㈜,031-474-5757,Y,1800,2022-04-07,17:02:19,경기도 안양시 만안구 경수대로 1279,경기도 안양시 만안구 석수동 102-11번지,37.4209154448,126.9079695943
일죽공단주유소,031-674-4809,Y,1800,2023-07-09,09:49:08,경기도 안성시 일죽면 일생로 167,경기도 안성시 일죽면 가리 551번지,37.0739954465,127.4909326200
엠에이치에너지 월곶동,031-431-5831,Y,1800,2022-12-29,12:47:38,경기도 시흥시 서해안로 804-1,경기도 시흥시 월곶동 645-1번지,37.3885922393,126.7477794187
미래주유소,031-821-4225,Y,1800,2023-07-10,13:19:42,경기도 의정부시 동일로 492,경기도 의정부시 신곡동 351-9번지,37.7323151797,127.0590344663
HD현대오일뱅크㈜직영 곤지암현대셀프주유소,031-762-7686,Y,1800,2023-07-10,19:08:38,경기도 광주시 곤지암읍 경충대로 567,경기도 광주시 곤지암읍 곤지암리 341-9번지,37.3489786637,127.3456888893
(주)대농석유직영 별내지점,031-572-6657,Y,1800,2022-03-28,08:13:29,경기도 남양주시 송산로 112,경기도 남양주시 별내동 140번지,37.6524505923,127.1305530240
서신농협주유소,031-357-5031,Y,1300,2023-06-01,08:36:00,경기도 화성시 서신면 궁평항로 1705,경기도 화성시 서신면 매화리 293번지,37.1669610384,126.7076765151
(주)서원 안성맞춤(평택)주유소/충전소,031-672-9622,Y,1300,2023-07-10,10:51:46,경기도 안성시 서운면 평택제천고속도로 41,경기도 안성시 서운면 신능리 51-16번지,36.9698025574,127.2755341582
드림에너지(주)배트맨주유소,031-258-0445,Y,1300,2023-07-10,18:00:42,경기도 수원시 장안구 경수대로 818,경기도 수원시 장안구 영화동 92-2번지,37.2946329109,127.0171939739
서하남(판교방향)주유소,031-795-5870,Y,1300,2023-07-10,22:03:40,경기도 하남시 수도권제1순환고속도로 19,경기도 하남시 춘궁동 212번지,37.5259090442,127.1930612331
(주)내유셀프주유소,031-963-2463,Y,1300,2023-07-10,17:36:48,경기도 고양시 덕양구 통일로 1228,경기도 고양시 덕양구 내유동 569-5번지,37.7228639824,126.8462857618
여주농협클린주유소,031-884-5189,Y,1300,2023-07-03,16:32:55,경기도 여주시 세종로 421-7,경기도 여주시 점봉동 586-14번지,37.2610800930,127.6427186923
HD현대오일뱅크㈜직영 포천대로셀프주유소,031-544-9090,Y,1300,2023-07-09,22:20:49,경기도 포천시 소흘읍 호국로 303,경기도 포천시 소흘읍 이동교리 338-30번지,37.8010031645,127.1292236642
포천제일주유소 ㈜신한에너지,031-534-5151,Y,1300,2023-06-23,17:50:15,경기도 포천시 왕방로 60,경기도 포천시 신읍동 424-3번지,37.8896502589,127.1895671578
백암농협주유소,031-334-4041,Y,1300,2023-02-24,11:42:01,경기도 용인시 처인구 백암면 백암로 196,경기도 용인시 처인구 백암면 백암리 469-1번지,37.1645146405,127.3755632299
아이언맨주유소,031-281-5185,Y,1300,2023-07-10,15:22:17,경기도 용인시 기흥구 신갈로 13,경기도 용인시 기흥구 상갈동 106-1번지,37.2678094621,127.1052817207
운정드림주유소/충전소,031-947-5189,Y,1300,2023-07-03,15:31:44,경기도 파주시 파주로 721,경기도 파주시 교하동 70-39번지,37.7457090308,126.7632143275
서일석유(주)기흥서일 주유소,031-283-5260,Y,1400,2023-07-01,07:51:35,경기도 용인시 기흥구 신수로 179,경기도 용인시 기흥구 신갈동 357-2번지,37.2854539190,127.0984772561
정남농협주유소,031-353-3323,Y,1200,2023-05-18,09:42:44,경기도 화성시 정남면 만년로 552,경기도 화성시 정남면 괘랑리 886-4번지,37.1702783994,126.9835746673
서민행복주유소,031-761-1775,Y,1250,2023-06-12,15:32:45,경기도 광주시 곤지암읍 경충대로 41,경기도 광주시 곤지암읍 신촌리 135-4번지,37.3281383983,127.3949231432
하이테크에너지㈜ 신정제일주유소,031-797-9260,Y,1250,2023-06-27,08:07:10,경기도 광주시 도척면 도척로 373,경기도 광주시 도척면 진우리 384-1번지,37.3197701169,127.3363921953
한울에너지(주)마송주유소,031-982-5036,Y,1300,2023-07-10,17:41:34,경기도 김포시 통진읍 김포대로 2397,경기도 김포시 통진읍 옹정리 54-6번지,37.6968648100,126.5829921250
회천농협클린주유소,031-858-8300,Y,1300,2023-07-03,07:08:41,경기도 양주시 평화로 1851,경기도 양주시 회정동 7-9번지,37.8542789489,127.0536711059
한국도로공사 안성(부산방향)주유소/충전소,031-651-5385,Y,1300,2023-07-10,20:52:17,경기도 안성시 원곡면 경부고속도로 365,경기도 안성시 원곡면 반제리 642-6번지,37.0135635759,127.1447184280
대성유류판매(주)주유소,031-351-8540,Y,1400,2023-07-10,11:18:56,경기도 화성시 우정읍 포승향남로 1208,경기도 화성시 우정읍 석천리 1-2번지,37.0546498395,126.7969079682
대보유통㈜ 화성(상)주유소/충전소,031-353-8148,Y,1400,2023-07-10,21:21:00,경기도 화성시 팔탄면 서해안고속도로 302-1,경기도 화성시 팔탄면 덕천리 산101-2번지,37.1446290045,126.8810449207
서창산업(주) 용인(인천방향)주유소/충전소,031-339-2262,Y,1400,2023-07-02,08:41:44,경기도 용인시 처인구 주북로 66-16,경기도 용인시 처인구 고림동 88-1번지,37.2480921182,127.2369941715
용인대주유소,031-333-0074,Y,1400,2023-06-24,18:47:16,경기도 용인시 처인구 이동읍 백자로 152,경기도 용인시 처인구 이동읍 서리 633-2번지,37.2099662794,127.1700136978
장현주유소,031-958-8588,Y,1400,2023-07-08,08:57:19,경기도 파주시 적성면 율곡로 2693,경기도 파주시 적성면 장현리 371-1번지,37.9847695101,126.9712796169
소유에너지 대명주유소,031-857-1411,Y,1400,2023-07-04,08:45:51,경기도 동두천시 평화로 3188,경기도 동두천시 하봉암동 142-14번지,37.9705274763,127.0679625556
남부주유소,031-681-9007,Y,1400,2023-07-10,20:05:08,경기도 평택시 청북읍 청오로 396,경기도 평택시 청북읍 토진리 403-2번지,37.0340791432,126.9603690733
성동에너지(주) 건설주유소,031-533-5105,Y,1400,2023-06-27,11:05:14,경기도 포천시 창수면 전영로 1252,경기도 포천시 창수면 오가리 179-2번지,38.0170980214,127.1983379974
(주)GS파트너주유소,031-635-5155,Y,1400,2023-07-10,15:10:35,경기도 이천시 호법면 중부대로 908-3,경기도 이천시 호법면 유산리 800-8번지,37.2437049301,127.4329134050
(주)삼호에너지 서파주유소,031-531-5182,Y,1400,2023-05-04,18:39:01,경기도 포천시 내촌면 금강로 3140,경기도 포천시 내촌면 신팔리 91-6번지,37.8408756963,127.2746138360
천지주유소,031-542-0010,Y,1400,2022-04-12,14:56:50,경기도 포천시 소흘읍 호국로 52,경기도 포천시 소흘읍 이동교리 730-2번지,37.7803645007,127.1184022885
서창산업㈜죽전(상)주유소,031-262-4601,Y,1400,2023-07-10,22:59:44,경기도 용인시 수지구 경부고속도로 400,경기도 용인시 수지구 죽전동 866-2번지,37.3325640693,127.1048754420
동양산업(주)마도주유소,031-357-9909,Y,1400,2022-08-08,14:58:33,경기도 화성시 마도면 화성로 873,경기도 화성시 마도면 두곡리 450-1번지,37.2051096605,126.7844258161
다복주유소,031-681-5181,Y,1400,2023-07-10,21:30:04,경기도 평택시 현덕면 서해로 399,경기도 평택시 현덕면 권관리 919-10번지,36.9367460164,126.9154417760
대보건설(주) 성남(구리방향)주유소,031-759-0178,Y,1400,2023-07-07,22:16:42,경기도 성남시 수정구 산성대로 41,경기도 성남시 수정구 수진동 4709번지,37.4355432916,127.1231893008
서창산업(주) 용인(강릉방향)주유소/충전소,031-332-3221,Y,1400,2023-07-07,05:56:27,경기도 용인시 처인구 양지면 주북로94번길 30,경기도 용인시 처인구 양지면 주북리 958-3번지,37.2458264189,127.2437672546
김포현대하이웨이주유소,031-998-5104,Y,1490,2023-07-08,18:25:54,경기도 김포시 김포대로 970,경기도 김포시 북변동 800번지,37.6284812961,126.7126394806
월곶하이웨이주유소,031-497-2700,Y,1490,2023-07-10,14:07:33,경기도 시흥시 동서로 174,경기도 시흥시 월곶동 1059-4번지,37.3822808201,126.7661299271
흥산에너지,031-848-0723,Y,1500,2022-05-12,12:55:36,경기도 의정부시 금신로 91,경기도 의정부시 신곡동 312-38번지,37.7289885250,127.0636728897
HD현대오일뱅크㈜직영 덕이주유소,031-914-8363,Y,1500,2023-07-10,21:32:25,경기도 고양시 일산서구 송산로 591,경기도 고양시 일산서구 덕이동 862-3번지,37.6930824918,126.7420711864
에이스주유소,031-959-5152,Y,1500,2022-04-19,17:41:18,경기도 파주시 파평면 청송로 508,경기도 파주시 파평면 덕천리 291-1번지,37.9355575260,126.8668701368
(주)오늘에이엠씨 오늘주유소 아미점,031-632-5189,Y,1500,2023-06-27,16:43:26,경기도 이천시 대월면 경충대로 1960,경기도 이천시 대월면 사동리 382-6번지,37.2436337912,127.4994024524
(주)천년지기주유소,031-653-1024,Y,1500,2023-03-23,16:35:13,경기도 평택시 서동대로 3622,경기도 평택시 합정동 79-30번지,36.9854357428,127.1120940920
(주)따뜻한놈들,031-884-5149,Y,1500,2023-07-10,21:10:13,경기도 여주시 가남읍 경충대로 1477,경기도 여주시 가남읍 신해리 640-1번지,37.2150993352,127.5340491327
우주주유소,031-963-5191,Y,1500,2023-07-10,17:12:50,경기도 고양시 덕양구 호국로 1693,경기도 고양시 덕양구 벽제동 262-5번지,37.7023208437,126.9037080157
교하셀프주유소,031-946-5301,Y,1500,2023-07-10,17:25:50,경기도 파주시 교하로 926,경기도 파주시 문발동 549-2번지,37.7284879732,126.7067362675
서여주(양평방향)주유소/충전소,031-885-9764,Y,1500,2023-07-10,08:27:52,경기도 여주시 세종대왕면 중부내륙고속도로 272,경기도 여주시 세종대왕면 매류리 1-48번지,37.2786800063,127.5805186511
HD현대오일뱅크㈜직영 탄현셀프주유소,031-918-8071,Y,1500,2023-07-10,13:18:02,경기도 고양시 일산서구 경의로 829,경기도 고양시 일산서구 덕이동 260-3번지,37.6916317173,126.7591447582
㈜서정산업 주유소,031-353-3660,Y,1500,2023-04-05,19:15:59,경기도 화성시 향남읍 3.1만세로 972,경기도 화성시 향남읍 제암리 286-4번지,37.1246300450,126.8974294349
(주)삼표에너지 동해주유소,02-3159-9774,Y,1500,2022-10-04,09:02:02,경기도 고양시 덕양구 중앙로 110,경기도 고양시 덕양구 화전동 175-15번지,37.5989411238,126.8746726891
연세에너지(주),031-959-8975,Y,1500,2023-07-10,10:26:11,경기도 파주시 월롱면 엘지로 185,경기도 파주시 월롱면 덕은리 555-4번지,37.8110883425,126.7790151896
(주)소모 파주주유소,031-944-5114,Y,1500,2023-04-13,16:54:45,경기도 파주시 탄현면 엘지로 615,경기도 파주시 탄현면 낙하리 292번지,37.8275732144,126.7375273152
서여주(창원방향)주유소,031-884-9718,Y,1500,2023-07-10,07:35:52,경기도 여주시 세종대왕면 중부내륙고속도로 271,경기도 여주시 세종대왕면 매류리 1-8번지,37.2782215813,127.5786005276
축석주유소,031-847-6563,Y,1500,2023-01-12,15:43:44,경기도 의정부시 호국로 1755,경기도 의정부시 자일동 228-1번지,37.7641683161,127.0916684615
YM21유통㈜안성맞춤(제천)주유소,031-674-8644,Y,1500,2022-09-16,07:59:38,경기도 안성시 서운면 평택제천고속도로 40,경기도 안성시 서운면 신능리 51-11번지,36.9680334123,127.2743148193
(주)대미주유소,031-502-0833,Y,1500,2023-07-10,10:42:55,경기도 군포시 군포로 10,경기도 군포시 도마교동 446번지,37.3166080116,126.9151312854
김포주유소,031-989-5133,Y,1500,2022-03-25,10:14:58,경기도 김포시 대곶면 대곶북로 210,경기도 김포시 대곶면 송마리 3-24번지,37.6649654214,126.5804141545
SK향남주유소,031-366-0252,Y,1500,2023-04-06,07:48:08,경기도 화성시 향남읍 서해로 430-9,경기도 화성시 향남읍 상신리 612-3번지,37.0998215075,126.9024424913
지에스칼텍스(주)직영 동방주유소,031-663-8951,Y,1500,2023-07-10,09:20:28,경기도 평택시 경기대로 1624,경기도 평택시 신장동 75-1번지,37.0892826416,127.0633953754
승리주유소,031-771-2895,Y,1500,2022-12-29,09:57:47,경기도 양평군 양평읍 경강로 1580,경기도 양평군 양평읍 오빈리 482-3번지,37.5049918723,127.4571530020
덕평주유소,031-632-6167,Y,1500,2022-03-31,07:08:26,경기도 이천시 마장면 덕평로 812,경기도 이천시 마장면 덕평리 517-4번지,37.2306507643,127.3668194264
착한에너지 ㈜씨비아이엔디,031-542-5182,Y,1500,2023-07-10,19:17:21,경기도 포천시 가산면 부흥로 656,경기도 포천시 가산면 정교리 12-8번지,37.8084904056,127.1839544167
(주)태평석유직영 에덴주유소,031-984-8951,Y,1500,2023-07-10,19:14:41,경기도 김포시 대곶면 대곶북로 31,경기도 김포시 대곶면 초원지리 360-2번지,37.6561079639,126.5970637531
용문농협주유소,031-773-5151,Y,1500,2023-01-17,08:11:49,경기도 양평군 용문면 용문로 450,경기도 양평군 용문면 마룡리 306-4번지,37.4906794584,127.6002476848
(주)의왕ICD주유소,031-461-8005,Y,1500,2023-02-09,15:40:56,경기도 의왕시 창말로 39,경기도 의왕시 이동 40-16번지,37.3361102827,126.9539826111
㈜케이엘페트로 고양셀프주유소,031-938-5186,Y,1500,2023-07-10,14:07:15,경기도 고양시 덕양구 충장로 210,경기도 고양시 덕양구 화정동 996-1번지,37.6309142259,126.8371982463
스타필드 정문주유소,02-000-0000,Y,1500,2023-06-07,10:07:49,경기도 고양시 덕양구 고양대로 1926,경기도 고양시 덕양구 동산동 67-4번지,37.6446014141,126.8934126075
판교하이웨이주유소,031-756-5189,Y,1500,2023-03-02,23:42:21,경기도 성남시 수정구 대왕판교로 1015,경기도 성남시 수정구 고등동 319-5번지,37.4310576064,127.1021429287
HD현대오일뱅크㈜직영 구리셀프주유소,031-557-5151,Y,1500,2023-06-07,09:18:28,경기도 구리시 아차산로 274,경기도 구리시 교문동 634-13번지,37.5795792111,127.1284104678
이천농협주유소,031-637-5063,Y,1500,2022-06-30,13:10:26,경기도 이천시 백사면 이여로 176,경기도 이천시 백사면 모전리 23-19번지,37.3132173818,127.4672496930
안중농협송담주유소,031-682-8400,Y,1500,2023-06-19,10:26:39,경기도 평택시 현덕면 송담1로 10,경기도 평택시 현덕면 인광리 207-5번지,36.9760395796,126.9246576581
사랑리주유소,031-358-5184,Y,1600,2023-07-08,13:31:52,경기도 화성시 장안면 사랑길 80,경기도 화성시 장안면 사랑리 416번지,37.0782972318,126.8222503405
(주)대지석유 산업주유소,031-494-7355,Y,1600,2023-07-10,11:24:40,경기도 안산시 단원구 동산로 42,경기도 안산시 단원구 원시동 777-4번지,37.3125087790,126.7951375060
㈜소모 안산하이웨이주유소,031-365-5310,Y,1600,2023-07-06,06:18:19,경기도 안산시 상록구 안산천서로 263,경기도 안산시 상록구 월피동 482-1번지,37.3368886239,126.8494425713
(주)안국에너지 서진주유소,031-469-6050,Y,1600,2023-06-03,12:52:42,경기도 안양시 만안구 안양로 425,경기도 안양시 만안구 안양동 836-29번지,37.4082411996,126.9131880268
삼미상사(주) 서안성셀프주유소,031-652-5210,Y,1600,2023-06-28,15:12:02,경기도 안성시 원곡면 남북대로 1106,경기도 안성시 원곡면 칠곡리 581-3번지,37.0378760796,127.1510707712
(주)셀프남양주유소,031-355-8905,Y,1600,2023-07-10,10:49:44,경기도 화성시 남양읍 남양성지로 17,경기도 화성시 남양읍 남양리 443-3번지,37.2056230543,126.8055619213
제일self주유소,031-433-7925,Y,1600,2022-09-16,15:52:47,경기도 시흥시 서해안로 602,경기도 시흥시 정왕동 1091번지,37.3722660683,126.7389411473
씨앤에스유통㈜구도일주유소 신반월,031-501-8251,Y,1600,2023-07-10,18:00:31,경기도 안산시 상록구 건건1길 7,경기도 안산시 상록구 건건동 897-28번지,37.3015576883,126.9030503557
은현IC주유소,031-859-5189,Y,1600,2023-04-04,12:06:25,경기도 양주시 은현면 선하로 96,경기도 양주시 은현면 하패리 250번지,37.8814589380,127.0364839909
HD현대오일뱅크㈜직영 둔전셀프주유소,031-332-0049,Y,1600,2023-07-08,11:12:19,경기도 용인시 처인구 포곡읍 포곡로 177,경기도 용인시 처인구 포곡읍 둔전리 52-1번지,37.2736516457,127.2232909332
한국복합물류㈜직영 군포터미널주유소,031-460-2991,Y,1600,2023-03-07,12:25:52,경기도 군포시 번영로 82,경기도 군포시 부곡동 1231번지,37.3309479641,126.9372235089
사능역주유소,0507-1361-7336,Y,1650,2022-11-22,20:30:11,경기도 남양주시 진건읍 양진로 329,경기도 남양주시 진건읍 진관리 47-8번지,37.6500458137,127.1739710803
사동주유소,031-409-9077,Y,1700,2023-07-10,10:18:05,경기도 안산시 상록구 항가울로 22,경기도 안산시 상록구 사동 1423-6번지,37.2838146633,126.8476774000
벌말주유소,032-672-3738,Y,1700,2022-08-30,15:53:59,경기도 부천시 벌말로 78,경기도 부천시 대장동 685-6번지,37.5384318164,126.7633231849
삼미 동부셀프주유소,031-726-5181,Y,1700,2022-11-13,10:19:09,경기도 광주시 태재로 75,경기도 광주시 신현동 378번지,37.3591386330,127.1574709590
(주)홈런주유소 동백지점,031-693-5423,Y,1700,2023-07-07,15:05:49,경기도 용인시 기흥구 동백죽전대로 381,경기도 용인시 기흥구 중동 709번지,37.2736693611,127.1484402057
이루고에너지,031-603-2657,Y,1700,2022-08-05,09:33:40,경기도 성남시 중원구 경충대로 2441,경기도 성남시 중원구 갈현동 150-1번지,37.4233338341,127.1796130047
HD현대오일뱅크㈜직영 명품현대self주유소,031-637-1142,Y,1700,2023-07-10,18:47:22,경기도 이천시 부발읍 중부대로 2014,경기도 이천시 부발읍 고백리 294-12번지,37.2931260861,127.5295712922
양평휴게주유소(원주방향),031-8027-2175,Y,1700,2022-06-15,17:56:55,경기도 양평군 양동면 송석2길 52,경기도 양평군 양동면 단석리 산180-2번지,37.3960653233,127.7278774409
월문주유소,010-3875-8240,Y,1700,2023-07-08,11:24:18,경기도 남양주시 와부읍 수레로 602,경기도 남양주시 와부읍 월문리 153-1번지,37.6127916655,127.2686982917
사우디주유소,031-333-6901,Y,2000,2023-07-07,13:10:49,경기도 용인시 처인구 백암면 죽양대로 685,경기도 용인시 처인구 백암면 고안리 496-5번지,37.1328029324,127.4050451106
보정셀프주유소 ㈜소모,031-261-2677,Y,2000,2022-06-07,16:09:26,경기도 용인시 기흥구 용구대로 2570,경기도 용인시 기흥구 보정동 1278번지,37.3147478616,127.1088622429
SK정다운셀프주유소,031-433-5250,Y,2000,2022-12-09,16:59:28,경기도 시흥시 역전로 318,경기도 시흥시 정왕동 876-420번지,37.3536085572,126.7376616994
기안셀프주유소,031-225-1225,Y,2000,2022-06-10,00:22:12,경기도 화성시 서부로 1343,경기도 화성시 기안동 100번지,37.2299663548,126.9848976916
모현주유소,031-334-5511,Y,2000,2022-04-11,17:13:13,경기도 용인시 처인구 모현읍 문현로 154,경기도 용인시 처인구 모현읍 매산리 205-10번지,37.3431928399,127.2266148687
㈜삼표에너지 삼송주유소,02-381-8341,Y,2000,2022-07-11,09:36:40,경기도 고양시 덕양구 신원1로 93,경기도 고양시 덕양구 신원동 667번지,37.6598495300,126.8842525452
(주)한경에너지 베스트원주유소,031-792-5133,Y,2000,2023-07-10,17:48:10,경기도 하남시 하남대로 781,경기도 하남시 신장동 408-1번지,37.5396258125,127.2101426342
지에스칼텍스㈜ 시화신도시주유소,031-499-6961,Y,2000,2022-10-20,21:45:31,경기도 시흥시 마유로 316,경기도 시흥시 정왕동 1740-4번지,37.3444468210,126.7342770614
광명제일주유소 지점,02-2611-0491,Y,2000,2023-07-10,19:55:11,경기도 광명시 범안로 608,경기도 광명시 노온사동 340-24번지,37.4414255794,126.8406367875
㈜은십자직영 현화주유소,031-681-0531,Y,2000,2023-07-07,16:07:04,경기도 평택시 안중읍 서해로 1256,경기도 평택시 안중읍 용성리 711-5번지,37.0046990483,126.9461227795
장수화도셀프주유소,031-594-9451,Y,2000,2022-04-05,15:59:20,경기도 남양주시 화도읍 경춘로 1712,경기도 남양주시 화도읍 묵현리 372-14번지,37.6552427918,127.2817402398
신창주유소,031-767-5197,Y,2000,2022-04-07,12:51:48,경기도 광주시 고불로 164,경기도 광주시 태전동 340번지,37.3946464665,127.2200336621
탄현기린주유소,031-911-5181,Y,2000,2023-06-24,10:09:57,경기도 고양시 일산서구 탄중로 263,경기도 고양시 일산서구 탄현동 15-1번지,37.6940425408,126.7743312889
삼미상사(주)한양주유소,031-283-6060,Y,1700,2022-09-17,19:15:36,경기도 용인시 기흥구 중부대로 716,경기도 용인시 기흥구 상하동 294-1번지,37.2631024263,127.1386098926
(주)지에스이앤알 직영 하안단지주유소,02-899-5202,Y,1700,2023-05-20,11:05:48,경기도 광명시 오리로 608,경기도 광명시 소하동 1275번지,37.4560984741,126.8803866688
HD현대오일뱅크㈜직영 양지블루주유소,031-335-9999,Y,1700,2022-07-04,16:34:05,경기도 용인시 처인구 양지면 죽양대로 2210,경기도 용인시 처인구 양지면 제일리 305번지,37.2274175570,127.3040027696
HD현대오일뱅크㈜직영 백암주유소,031-321-7225,Y,1700,2022-04-15,10:47:12,경기도 용인시 처인구 백암면 죽양대로 1399,경기도 용인시 처인구 백암면 근곡리 690-2번지,37.1717815537,127.3532366178
수암주유소,031-482-8118,Y,1700,2023-03-01,10:28:40,경기도 안산시 상록구 원당골1길 23-14,경기도 안산시 상록구 수암동 465번지,37.3651507934,126.8769907753
신김포농협주유소(하성지점),031-988-5159,Y,1700,2022-07-24,17:10:33,경기도 김포시 하성면 하성로 495,경기도 김포시 하성면 마곡리 589-3번지,37.7187549843,126.6351310104
대성산업(주)평택주유소,031-611-5130,Y,1800,2023-07-03,06:45:14,경기도 평택시 경기대로 1232,경기도 평택시 이충동 604-1번지,37.0562289385,127.0613691354
송산그린주유소,031-356-6843,Y,1800,2022-07-01,15:06:57,경기도 화성시 송산면 화성로 246,경기도 화성시 송산면 육일리 610-3번지,37.1999038963,126.7235586053
마석주유소,031-593-8817,Y,1800,2023-07-10,20:54:15,경기도 남양주시 화도읍 마석로 111,경기도 남양주시 화도읍 마석우리 351번지,37.6601478432,127.3032335485
도계주유소,031-691-2235,Y,1800,2023-04-12,14:09:05,경기도 평택시 팽성읍 팽성로 6,경기도 평택시 팽성읍 석근리 122-1번지,36.9386725033,127.0469171979
대성석유(주)정왕IC주유소,031-319-4242,Y,1800,2023-01-02,16:19:56,경기도 시흥시 서해안로 590,경기도 시흥시 정왕동 1112-2번지,37.3713705035,126.7384419705
지에스칼텍스(주)효재주유소,031-386-3329,Y,1800,2022-09-08,11:18:09,경기도 안양시 동안구 관악대로 305,경기도 안양시 동안구 관양동 1385-3번지,37.4033748743,126.9567941466
오산주유소,031-373-3490,Y,1800,2023-07-10,21:40:29,경기도 오산시 경기대로 437,경기도 오산시 수청동 84번지,37.1622671363,127.0674360471
HD현대오일뱅크㈜직영 분당현대셀프주유소,031-715-5189,Y,1800,2023-07-10,21:54:18,경기도 광주시 태재로 47,경기도 광주시 신현동 701-7번지,37.3597068407,127.1544871989
HD현대오일뱅크㈜직영 남문주유소,031-751-0941,Y,1800,2023-06-08,19:32:25,경기도 성남시 수정구 성남대로 1301,경기도 성남시 수정구 태평동 6537번지,37.4458925056,127.1264950681
한길송정주유소,031-635-7888,Y,1800,2022-04-05,14:20:28,경기도 이천시 황무로 746,경기도 이천시 송정동 230-10번지,37.3037284678,127.4315850289
광진주유소,031-532-4478,Y,1800,2023-06-22,16:31:57,경기도 포천시 신북면 청신로 2019,경기도 포천시 신북면 신평리 387-1번지,37.9395393951,127.2153846167
김포농협주유소,031-984-8251,Y,1800,2023-03-12,08:11:04,경기도 김포시 북변로 36,경기도 김포시 북변동 108-4번지,37.6298922658,126.7106753406
SK에너지(주) 서해로셀프주유소,031-352-5179,Y,1500,2022-12-06,07:22:24,경기도 화성시 팔탄면 서해로 962,경기도 화성시 팔탄면 지월리 550-16번지,37.1474189390,126.8923841077
㈜소모 칠곡주유소,031-618-1325,Y,1500,2022-07-25,14:11:36,경기도 안성시 원곡면 남북대로 1201-4,경기도 안성시 원곡면 칠곡리 613-4번지,37.0451857517,127.1569300004
양평강가주유소,031-771-0185,Y,1500,2022-06-14,11:15:01,경기도 양평군 양평읍 경강로 1638,경기도 양평군 양평읍 오빈리 448-6번지,37.5043811763,127.4638286982
교문주유소,031-566-3477,Y,1500,2023-07-10,14:09:11,경기도 구리시 아차산로 436,경기도 구리시 교문동 754-8번지,37.5938483012,127.1315225887
금촌농협주유소,031-943-0003,Y,1500,2023-07-06,09:22:26,경기도 파주시 평화로 240,경기도 파주시 야동동 816번지,37.7726286781,126.7556575759
동탄행복셀프주유소,031-284-5189,Y,1500,2023-07-10,20:52:18,경기도 용인시 기흥구 용구대로 1625,경기도 용인시 기흥구 공세동 161-7번지,37.2347385877,127.1111699469
김포하이웨이주유소,031-982-4441,Y,1500,2023-07-10,17:27:31,경기도 김포시 김포대로 1518,경기도 김포시 운양동 1129-4번지,37.6589957114,126.6673763374
신동천,031-867-4477,Y,1500,2023-07-10,08:27:21,경기도 동두천시 삼육사로 770,경기도 동두천시 상패동 196-4번지,37.9070726582,127.0384733144
갤러리주유소,031-631-7067,Y,1500,2022-04-07,11:18:32,경기도 이천시 부발읍 중부대로 1701-24,경기도 이천시 부발읍 무촌리 30-7번지,37.2890913316,127.4934227219
일동셀프5주유소,031-534-3223,Y,1500,2023-07-09,14:30:10,경기도 포천시 일동면 화동로 1322,경기도 포천시 일동면 화대리 443번지,37.9765226780,127.3349451634
양지고속주유소,031-321-2100,Y,1500,2023-07-10,16:41:22,경기도 용인시 처인구 양지면 중부대로 2247,경기도 용인시 처인구 양지면 양지리 486-2번지,37.2339636779,127.2893639740
엘지로주유소,031-372-2268,Y,1500,2023-07-04,17:20:34,경기도 평택시 진위면 엘지로 74,경기도 평택시 진위면 갈곶리 247-13번지,37.1248267535,127.0736155789
(주)세화주유소,032-886-3883,Y,1500,2023-07-10,15:29:59,경기도 안산시 단원구 대부중앙로 174,경기도 안산시 단원구 대부동동 1522-3번지,37.2415982767,126.5924605617
(주)행운주유소,02-2619-0700,Y,1500,2023-07-10,17:02:23,경기도 광명시 부광로 309,경기도 광명시 옥길동 236-8번지,37.4641593606,126.8344779328
주식회사 시헌 STAY 365,031-337-3651,Y,1500,2023-07-10,16:20:53,경기도 용인시 처인구 남사읍 처인성로 973,경기도 용인시 처인구 남사읍 완장리 147-1번지,37.1725943867,127.1800777291
포천농협 신북주유소,031-534-1913,Y,1500,2022-10-20,11:17:14,경기도 포천시 신북면 포천로 2174,경기도 포천시 신북면 계류리 26-2번지,37.9439770410,127.1882233929
동영셀프주유소,031-532-5457,Y,1500,2023-06-27,14:47:27,경기도 포천시 신북면 중앙로 241,경기도 포천시 신북면 가채리 793-2번지,37.9063760946,127.2098474617
(주)대일에너지,031-573-5167,Y,1500,2023-05-18,07:05:53,경기도 남양주시 진건읍 금강로 368,경기도 남양주시 진건읍 진관리 909-2번지,37.6393289225,127.1519042475
소흘농협주유소,031-541-6325,Y,1500,2022-12-02,10:44:45,경기도 포천시 소흘읍 검바위길 39,경기도 포천시 소흘읍 송우리 480-2번지,37.8216629555,127.1443799726
행복주유소,031-881-6651,Y,1500,2023-07-03,16:09:35,경기도 여주시 가남읍 경충대로 980,경기도 여주시 가남읍 은봉리 151-1번지,37.1823839096,127.5635962727
금남주유소,031-592-8434,Y,1500,2023-07-09,19:14:30,경기도 남양주시 화도읍 북한강로 1438,경기도 남양주시 화도읍 금남리 444-1번지,37.6393688471,127.3575356373
(주)대응,031-595-8700,Y,1500,2023-07-10,18:18:54,경기도 남양주시 화도읍 수레로 914,경기도 남양주시 화도읍 차산리 830번지,37.6302935026,127.2866071624
㈜실로암주유소,031-986-1467,Y,1500,2023-07-10,18:33:45,경기도 김포시 고촌읍 개화동로 46,경기도 김포시 고촌읍 전호리 339-3번지,37.5881184734,126.7996677853
HD현대오일뱅크㈜직영 호평셀프주유소,031-595-0088,Y,1500,2023-07-04,13:13:28,경기도 남양주시 늘을1로 137,경기도 남양주시 호평동 444-1번지,37.6625399316,127.2440197443
HD현대오일뱅크㈜직영 화정셀프주유소,031-972-5145,Y,1500,2023-07-10,18:38:19,경기도 고양시 덕양구 화중로 38,경기도 고양시 덕양구 화정동 1002번지,37.6306423989,126.8305594843
(주)역곡주유소,032-345-5002,Y,1500,2023-07-10,19:16:47,경기도 부천시 부일로 820,경기도 부천시 역곡동 247-7번지,37.4899594203,126.8192383738
거창에너지주유소,031-672-1119,Y,1500,2023-07-10,07:06:55,경기도 안성시 안성맞춤대로 749,경기도 안성시 계동 203-20번지,36.9822218040,127.2648456330
포곡농협가득채움주유소,031-321-5844,Y,1500,2023-03-14,06:10:58,경기도 용인시 처인구 포곡읍 석성로 871,경기도 용인시 처인구 포곡읍 마성리 270-2번지,37.2788414103,127.1931085125
해바라기에너지,031-576-5158,Y,1500,2023-07-03,17:35:25,경기도 남양주시 와부읍 석실로 28,경기도 남양주시 와부읍 도곡리 636번지,37.5779951645,127.2285447098
(주)서진주유소 향남지점,031-354-5106,Y,1500,2023-07-07,16:34:53,경기도 화성시 팔탄면 삼천병마로 563,경기도 화성시 팔탄면 가재리 690번지,37.1595981949,126.9288894336
(주)서평택고속주유소,031-681-1213,Y,1500,2023-07-10,18:27:31,경기도 평택시 포승읍 포승공단로 260,경기도 평택시 포승읍 도곡리 721-6번지,36.9864731087,126.8619338695
백련주유소,031-668-4411,Y,1500,2023-07-07,13:31:17,경기도 평택시 청원로 1394,경기도 평택시 이충동 79-2번지,37.0520607821,127.0777793657
포천농협주유소,031-535-8090,Y,1500,2023-03-04,13:21:14,경기도 포천시 군내면 호국로 1698,경기도 포천시 군내면 하성북리 769번지,37.9039096853,127.2111311468
(주)삼원에너지,031-334-5189,Y,1600,2023-01-27,10:34:41,경기도 용인시 처인구 백옥대로 980,경기도 용인시 처인구 남동 388-7번지,37.2229981043,127.2104119093
다복주유소,031-846-0003,Y,1600,2023-07-10,15:08:50,경기도 의정부시 호국로 1844,경기도 의정부시 자일동 171-1번지,37.7686596594,127.1003638080
강남주유소,031-356-5188,Y,1600,2023-06-30,19:41:13,경기도 화성시 비봉면 화성로 1554,경기도 화성시 비봉면 양노리 645-4번지,37.2228224817,126.8518325743
(주)삼호에너지직영보동주유소,031-675-9639,Y,1600,2022-08-10,13:28:05,경기도 안성시 대덕면 안성대로 1532,경기도 안성시 대덕면 보동리 264-2번지,37.0503547098,127.2483396077
만세로주유소,031-651-7474,Y,1600,2023-07-10,21:40:44,경기도 평택시 만세로 1555,경기도 평택시 청룡동 195-1번지,37.0257265998,127.1222326005
하나K주유소,031-634-5500,Y,1600,2023-07-05,15:28:30,경기도 이천시 진상미로 2355,경기도 이천시 장록동 288-2번지,37.2552991014,127.4567873665
화성뉴시티주유소,031-357-0725,Y,1600,2023-07-10,08:35:36,경기도 화성시 남양읍 화성로 1286,경기도 화성시 남양읍 송림리 220-7번지,37.2177986788,126.8238783896
구도일삼익씨앤에스유통(주),031-255-2096,Y,1600,2023-07-08,11:54:34,경기도 수원시 장안구 경수대로 1104,경기도 수원시 장안구 파장동 219-1번지,37.3108968119,126.9920373412
삼미상사(주)권선로셀프주유소,031-898-7190,Y,1600,2022-11-28,14:12:40,경기도 수원시 권선구 권선로 644,경기도 수원시 권선구 권선동 966-1번지,37.2602810244,127.0216761962
지에스칼텍스(주)캐피탈주유소,031-366-5126,Y,1600,2022-05-13,09:13:17,경기도 화성시 향남읍 발안로 450,경기도 화성시 향남읍 동오리 229-3번지,37.1310171859,126.9562927927
HD현대오일뱅크㈜직영 기흥현대셀프주유소,031-287-0044,Y,2000,2023-07-07,17:18:45,경기도 용인시 기흥구 기흥로 68,경기도 용인시 기흥구 구갈동 270-1번지,37.2823029571,127.1159565943
고읍주유소,031-848-6885,Y,2000,2023-07-10,21:55:26,경기도 양주시 부흥로 1941,경기도 양주시 광사동 233-6번지,37.7956198782,127.0776268739
구도일주유소 상리,031-227-5149,Y,2000,2023-07-10,17:37:18,경기도 화성시 봉담읍 삼천병마로 1129-18,경기도 화성시 봉담읍 상리 474-7번지,37.2070262678,126.9432501267
(주)옥토끼주유소,031-283-5185,Y,2000,2023-06-29,18:11:49,경기도 용인시 기흥구 용구대로 1991,경기도 용인시 기흥구 상갈동 95-16번지,37.2655732854,127.1050678274
에이제이에너지(주)직영 정자주유소,031-269-0051,Y,2000,2023-07-10,19:18:21,경기도 수원시 장안구 정자천로 175,경기도 수원시 장안구 정자동 874-7번지,37.2959548176,126.9948456904
HD현대오일뱅크㈜직영 기흥TG셀프주유소,031-285-8733,Y,2000,2023-07-10,14:46:09,경기도 용인시 기흥구 삼성2로 34,경기도 용인시 기흥구 농서동 267-2번지,37.2254613596,127.0764764438
다산신도시주유소,031-554-5133,Y,2000,2022-04-20,15:38:40,경기도 남양주시 다산지금로 39,경기도 남양주시 다산동 3030-24번지,37.6092663797,127.1730048446
신둔농협주유소,031-634-8141,Y,2000,2022-03-30,14:43:38,경기도 이천시 신둔면 원적로 441,경기도 이천시 신둔면 도암리 347-10번지,37.3197697249,127.4417395510
HD현대오일뱅크㈜직영 매산셀프주유소,031-766-5149,Y,2200,2023-07-06,10:26:27,경기도 광주시 회안대로 15,경기도 광주시 매산동 746-17번지,37.3567929096,127.2459989541
(주)유카스에너지 김포뉴타운,070-4911-8978,Y,2300,2022-04-08,11:43:55,경기도 김포시 양촌읍 김포대로 1581,경기도 김포시 양촌읍 누산리 295-7번지,37.6622906550,126.6617386793
SJ오일(주) 일산주유소,031-918-5154,Y,2300,2022-03-31,08:36:42,경기도 고양시 일산서구 고양대로 535,경기도 고양시 일산서구 대화동 2339번지,37.6865838998,126.7562121527
이마트24서비스 고잔주유소,031-413-8076,Y,2300,2022-04-04,10:21:45,경기도 안산시 단원구 적금로 114,경기도 안산시 단원구 고잔동 519-2번지,37.3183169898,126.8263083769
하늘에너지(주)평화주유소,031-258-6600,Y,2300,2022-05-11,09:17:43,경기도 수원시 팔달구 경수대로 659,경기도 수원시 팔달구 지동 472-1번지,37.2842562863,127.0279659477
신월곶주유소,031-432-2533,Y,2300,2022-03-28,09:33:14,경기도 시흥시 동서로 177,경기도 시흥시 월곶동 166-1번지,37.3828682137,126.7663727062
HD현대오일뱅크㈜직영 수지현대셀프주유소,031-261-1374,Y,2400,2023-07-05,11:59:47,경기도 용인시 수지구 포은대로 95,경기도 용인시 수지구 상현동 373-3번지,37.3013098063,127.0703532869
HD현대오일뱅크㈜직영 성복현대주유소,031-272-6051,Y,2400,2022-04-04,10:24:21,경기도 용인시 수지구 수지로 137,경기도 용인시 수지구 성복동 54-6번지,37.3140820599,127.0802795453
HD현대오일뱅크㈜직영 오산세교셀프주유소,031-372-5151,Y,2400,2023-07-10,17:58:12,경기도 오산시 경기대로 876,경기도 오산시 세교동 129번지,37.1952840918,127.0429882476
HD현대오일뱅크㈜직영 서탄주유소,031-375-5145,Y,2400,2022-04-18,07:49:19,경기도 평택시 서탄면 발안로 1177,경기도 평택시 서탄면 수월암리 244-1번지,37.1348774756,127.0306518960
현대오일뱅크(주)직영 송화주유소,031-691-0655,Y,2400,2023-07-06,18:04:03,경기도 평택시 팽성읍 팽성송화로 49,경기도 평택시 팽성읍 송화리 244-1번지,36.9527938330,127.0529212777
HD현대오일뱅크㈜직영 동수원현대셀프주유소,031-216-9663,Y,2400,2022-03-31,14:13:32,경기도 수원시 영통구 중부대로 277,경기도 수원시 영통구 원천동 73-1번지,37.2744212840,127.0461987076
수지주유소,031-266-0039,Y,2500,2022-04-25,08:25:25,경기도 용인시 수지구 수지로 164,경기도 용인시 수지구 풍덕천동 1035번지,37.3159187913,127.0822330552
동백주유소,031-275-5105,Y,2500,2023-07-09,16:08:53,경기도 용인시 기흥구 언동로 117,경기도 용인시 기흥구 상하동 512-12번지,37.2849649928,127.1398252668
북한강주유소,031-576-7300,Y,5000,2023-04-03,13:25:31,경기도 남양주시 조안면 북한강로 877,경기도 남양주시 조안면 삼봉리 235-3번지,37.5946010770,127.3382505163
삼원주유소,031-965-2062,N,0,2022-04-12,11:05:59,경기도 고양시 덕양구 고양대로 1303,경기도 고양시 덕양구 주교동 197-1번지,37.6569993862,126.8293479117
씨앤에스에너지㈜ 소사본동주유소,032-345-5179,N,0,2022-04-12,09:36:03,경기도 부천시 경인로 402,경기도 부천시 소사본동 62-1번지,37.4816924158,126.8004474534
초당에너지,031-693-9771,N,0,2022-09-19,00:31:53,경기도 용인시 기흥구 동백죽전대로 179,경기도 용인시 기흥구 중동 1039번지,37.2587789828,127.1610497286
마도농협주유소,031-357-4694,N,0,2022-09-20,13:30:29,경기도 화성시 마도면 화성로 777,경기도 화성시 마도면 두곡리 350-14번지,37.2073514534,126.7736198224
오산주유소,031-879-5134,Y,2000,2023-07-10,08:16:01,경기도 양주시 백석읍 중앙로 210,경기도 양주시 백석읍 오산리 542번지,37.7947108028,126.9891858746
HD현대오일뱅크㈜직영 비산현대셀프주유소,031-443-3241,Y,2000,2023-07-08,07:47:35,경기도 안양시 동안구 경수대로 839,경기도 안양시 동안구 비산동 576-13번지,37.3936050840,126.9415454654
SK에너지(주)북오산Self주유소,031-377-1127,Y,2000,2022-12-22,08:00:22,경기도 오산시 문시로 120,경기도 오산시 외삼미동 327-45번지,37.1890571144,127.0601175725
㈜삼표에너지 산본그린주유소,031-462-0202,Y,2000,2022-05-26,10:50:50,경기도 군포시 군포로 231,경기도 군포시 부곡동 1184번지,37.3333060773,126.9271028952
유풍셀프주유소,031-836-5151,Y,2000,2023-07-03,17:35:57,경기도 의정부시 용민로 293,경기도 의정부시 낙양동 718번지,37.7511888108,127.1020697099
안양알찬주유소,031-449-5757,Y,2000,2023-07-10,08:40:35,경기도 안양시 만안구 안양로 49,경기도 안양시 만안구 안양동 367-12번지,37.3800443950,126.9368907173
(주)이(e)에너지 시흥주유소,031-317-8802,Y,2000,2022-04-06,16:25:58,경기도 시흥시 시흥대로 342,경기도 시흥시 능곡동 504번지,37.3711199950,126.8092118518